Group 1,Group 2,Permutation Test Threshold,DOTNB Threshold,Sensitivity Average,Sensitivity Standard Deviation,Specificity Average,Specificity Standard Deviation,Precision Average,Precision Standard Deviation,Accuracy Average,Accuracy Standard Deviation,F1 Average,F1 Standard Deviation
3,3,0.1,0.001,0.3014,0.2523243943815183,0.9907166668,0.008205206248088015,0.7997747042000001,0.03293845614197036,0.9217850000000001,0.017871548617845057,0.37687884639999997,0.2756006416974463
3,4,0.1,0.001,0.5272500000000001,0.011101176113867914,0.9885777777,0.001072220523762525,0.8370146114999999,0.012563057019819409,0.942445,0.0012741990948565798,0.6468704225999999,0.008998774306469894
3,5,0.1,0.001,0.53135,0.012806356928407772,0.9890888888999999,0.002896381389628092,0.8455925994000001,0.03227485443379234,0.9433149999999999,0.001970342609801651,0.6521624089,0.00851503259012109
3,6,0.1,0.001,0.5705,0.016489053608042172,0.9862500001000001,0.0011500132715283925,0.8219637322000001,0.010532834435868948,0.9446749999999999,0.0013060223751699242,0.6733408262000001,0.010947700490724271
3,7,0.1,0.005,0.6101,0.010221980673474648,0.9812277778,0.0011232209556567344,0.7831938692,0.011376773265776135,0.944115,0.001628914089542819,0.6858578384999999,0.009451102912957143
3,8,0.1,0.005,0.6158499999999999,0.008721142891464017,0.9834111112,0.0014001275132014888,0.8050331666,0.01371899415875671,0.946655,0.0016317083753606863,0.6977938065,0.008682990914321958
3,9,0.1,0.005,0.62325,0.015579990728851894,0.9850222222000001,0.0006739315761062633,0.8222022241,0.005716253018977464,0.9488449999999998,0.001356353362676712,0.7089319285,0.010495002468002645
3,10,0.1,0.005,0.6169,0.009397990328906604,0.9860999999999999,0.0005473466337236954,0.8313964026,0.006448924454113051,0.9491799999999999,0.0011764352935882062,0.7082398264,0.007769814409555437
4,3,0.1,0.001,0.5225500000000001,0.007617414259445268,0.9885111111999999,0.0008593870150875319,0.8349225001999999,0.010005281070660984,0.9419149999999998,0.0009600491885546699,0.6427457786999999,0.00643632095374784
4,4,0.1,0.001,0.54665,0.01000846863633217,0.9929888889,0.0009525071978025351,0.8966271269,0.01310084580172766,0.948355,0.00141606850116794,0.6791482580999999,0.009450073644730848
4,5,0.1,0.005,0.6197,0.008189424074174346,0.9811555555,0.0008473308378059591,0.7851667885,0.008115538061577849,0.9450100000000001,0.0011713714658941915,0.6926608169999999,0.006912488546552896
4,6,0.1,0.005,0.61815,0.010069342911365511,0.9849,0.0010572761623161612,0.819927614,0.008891873862027982,0.9482250000000001,0.0007796901093810703,0.7047948696999999,0.005597909942700805
4,7,0.1,0.005,0.6305000000000001,0.011787469806724607,0.9874111111999999,0.0011494019920676494,0.847850091,0.01102844160978992,0.9517200000000001,0.0011619428174876345,0.7230948967,0.0077174067247373105
4,8,0.1,0.005,0.65545,0.012504332582482505,0.9824388888,0.0011146393575474163,0.8058022846,0.010110662659040887,0.9497399999999999,0.0014796395957574744,0.7228191647,0.009096797629489657
4,9,0.1,0.005,0.6563500000000001,0.010893550589428815,0.9851499999,0.0010712126996417952,0.8308443187,0.011860609933706204,0.9522700000000001,0.0018492040329708282,0.7333387193,0.010640841590590068
4,10,0.1,0.005,0.65705,0.015688725605067854,0.9856388888,0.0006905447482841645,0.8356346432999999,0.006739476775781072,0.95278,0.0015508420651733443,0.7355715618,0.010797268211606398
5,3,0.1,0.001,0.52585,0.012907900250966031,0.9904555557,0.0017126977405886093,0.8601455145999999,0.02006682573230043,0.9439949999999999,0.0015431659376460825,0.6524758741000001,0.010000879569209664
5,4,0.1,0.005,0.6194,0.008633912464488164,0.9811444443999999,0.001055782909498526,0.7850346172,0.009451787193901728,0.94497,0.0011886500279261801,0.6924034733,0.006811585853630146
5,5,0.1,0.005,0.6271000000000001,0.01265181493117218,0.98841388895,0.0007192867614010436,0.8574381018,0.008283666363612682,0.9522824999999999,0.0014884003246155826,0.72434192755,0.010005789305167776
5,6,0.1,0.005,0.6538999999999999,0.0090455636763124,0.9848055554999998,0.0008615591486756537,0.8271035074,0.007995929482276197,0.9517149999999999,0.0010883346094938944,0.7303306422,0.006652959660953942
5,7,0.1,0.005,0.65465,0.010176361497771869,0.9868888888,0.000655775214297779,0.8473074107,0.006449127226565264,0.953665,0.0011012745141678055,0.7385802733,0.00733114743257986
5,8,0.1,0.005,0.6543,0.012543701385334576,0.9886111111,0.0009162456878446415,0.8646591852000001,0.008901239693148483,0.95518,0.0012505998560690776,0.7448291145,0.008465459552061018
5,9,0.1,0.005,0.6563,0.012813187650923475,0.9887833332,0.0013408866731507644,0.8669239492,0.01265278706536934,0.9555349999999999,0.0013159386172783452,0.7469239419000001,0.008298787220203812
5,10,0.1,0.005,0.675275,0.011314260912671223,0.98779999995,0.0013633798470263309,0.86036541445,0.01308986515001721,0.9565474999999999,0.0013733818229389081,0.75655868375,0.00795727269004993
5,15,0.1,0.01,0.7050000000000001,0.009312476696465991,0.9881944444,0.0008796782972891822,0.869089671,0.00855653345327494,0.959875,0.0012030632199145216,0.7784518439999999,0.007083792823045876
5,20,0.1,0.01,0.7011,0.011411008330165714,0.9906611111,0.0005401887186111372,0.8929436573,0.006190801190763796,0.961705,0.001359830463289035,0.7854427549,0.008596821626673905
5,25,0.1,0.01,0.69795,0.013581952895090047,0.9920444445000001,0.0005825538825406325,0.9069724361,0.006381359966190841,0.962635,0.0014387591104065127,0.7887864717999999,0.009520167646262302
5,30,0.05,0.025,0.6968500000000001,0.006976348933679017,0.9917277779000001,0.0009645464920836884,0.9035775444999998,0.010137828790459305,0.9622399999999999,0.0010582480280581146,0.7868226119,0.005847593662158957
5,35,0.05,0.025,0.6933999999999999,0.014620761494076371,0.9923555556,0.00041176133664299724,0.9097392613,0.004398610837135555,0.9624600000000001,0.001429218900891889,0.7868970345,0.009883271152332347
5,40,0.05,0.025,0.6799999999999999,0.011416362526362462,0.9931166666000001,0.0006725308867926148,0.9164963741,0.008169038504884723,0.961805,0.0015263336609157396,0.7806999327,0.009573063548377591
5,45,0.1,0.025,0.70715,0.006311585467306232,0.9887222223000001,0.0005767559827595226,0.8745040598999999,0.00580887508301331,0.9605650000000001,0.000861216839387424,0.7819573518999999,0.005017632806568611
5,50,0.05,0.025,0.6702,0.0097985259662416,0.9934944444999999,0.0006433420600061237,0.9196715185999998,0.007693950182185703,0.961165,0.0012828029206909649,0.775332874,0.008091594577779842
5,55,0.1,0.025,0.7024999999999999,0.010559356040971444,0.9892722222,0.0008944464556377063,0.8791801401000001,0.009804534831976769,0.960595,0.0016420600205568217,0.7809496799,0.009532233575004576
5,60,0.1,0.025,0.6958,0.006447221623821117,0.9889055555,0.0009192538256771464,0.8745663983,0.009392425292019418,0.959595,0.0011851980612726533,0.7749864771,0.006394860328930269
5,65,0.1,0.025,0.6929000000000001,0.011563352070706438,0.9885722222,0.0007640095730481824,0.870766694,0.008216181716633774,0.959005,0.0014748728758777745,0.7716778876,0.009022306953093726
5,70,0.05,0.025,0.65785,0.01081678222845306,0.9937777776000001,0.00032288140534952295,0.9215332599,0.004347944137376818,0.9601850000000001,0.0012140496969509215,0.7676461627,0.008327873760730624
5,75,0.1,0.025,0.6836,0.009898933724845769,0.9899333333,0.0006732187607775837,0.8829718941,0.00775560099378516,0.9593,0.001405544576153869,0.7705785903,0.00851272912206792
5,80,0.1,0.025,0.6807000000000001,0.012277350419912804,0.9893722222000001,0.0007581519462895518,0.8768046384,0.00842170579587188,0.958505,0.0015435259059122515,0.7663627752000001,0.009711285469443191
5,85,0.05,0.05,0.67995,0.010009578745714856,0.9884222222,0.0010062221221589871,0.8672262428999999,0.00979542935319909,0.9575750000000001,0.0011785702260696223,0.7621916248,0.007054097617128525
5,90,0.05,0.05,0.6885999999999999,0.010749160173913315,0.9888777777,0.0006033740676971061,0.8731075519000001,0.006019744261307145,0.95885,0.0011318617897566443,0.7699101078,0.007402231868219007
5,95,0.1,0.025,0.6757000000000001,0.015070574714397001,0.9899055558000001,0.000744918682924623,0.8815027661,0.008063466177339796,0.9584849999999999,0.001648239801862722,0.7649236832,0.010829583946524538
5,100,0.05,0.05,0.67545,0.010615633126039485,0.9895055556000001,0.0006886550007179507,0.8773953069999999,0.006322648282374557,0.9581,0.0008762292952063227,0.7632268017999999,0.006299761367898301
6,3,0.1,0.005,0.5987,0.009428679653058542,0.9766111112000001,0.001408381696883092,0.7399745052,0.012708187140931654,0.93882,0.0017800124843507235,0.6618421264,0.009403065531967972
6,4,0.1,0.005,0.61995,0.012696128018678221,0.9851722221999999,0.0010059663823480333,0.8229207704,0.010663560672935968,0.9486500000000001,0.0016179548132682052,0.7070978004,0.01038736742792555
6,5,0.1,0.005,0.6502,0.013772355563874253,0.9851277779000001,0.000405762750556804,0.8292448941,0.0052412201575346585,0.9516349999999999,0.0014791232387990827,0.7288388883000001,0.010178522274272035
6,6,0.1,0.005,0.65205,0.013254873317639311,0.9907722221999998,0.001041475412763575,0.887094832,0.011652226510361248,0.9568999999999999,0.0017349351572897285,0.7515565313000001,0.010840700507477668
6,7,0.1,0.005,0.6709,0.008723531395025743,0.9869666666999999,0.0011736124590832227,0.8512524516,0.012335374081316545,0.9553600000000001,0.0016787561532939311,0.7503668840000001,0.00920690591813469
6,8,0.1,0.005,0.67675,0.010097441920275313,0.9879777777,0.0010574057593553063,0.8622980951000001,0.009826265371009864,0.956855,0.0010226463492114708,0.7582621771,0.006294729221665194
6,9,0.05,0.01,0.6714500000000001,0.008176694523665005,0.9915888889,0.0004900938691197691,0.8987169087,0.0049738225839551335,0.9595750000000001,0.000765306764927912,0.7686013957,0.005325663727913147
6,10,0.05,0.01,0.6777,0.008740709353364854,0.9920944445,0.000585636120795969,0.9050366582,0.006157532556328773,0.960655,0.0008607006190049926,0.7750004152,0.0057875547464248805
7,3,0.1,0.005,0.5972,0.01418763154613515,0.9814722222000001,0.000536877308302546,0.7817168733,0.004563829971156234,0.943045,0.001243080850146131,0.6770376224,0.009845746023618672
7,4,0.1,0.005,0.61605,0.006576262025058181,0.9872555556999998,0.0013459282375283595,0.8432253035,0.014123564681594102,0.9501350000000001,0.0014383729233640012,0.7119039251999999,0.007315568853949263
7,5,0.1,0.005,0.6565,0.015070206073943103,0.9868666666999999,0.0007403704845015836,0.8474839550999999,0.006253662921477636,0.95383,0.0012897458836702929,0.7397631219,0.009546110282356579
7,6,0.05,0.01,0.64715,0.012340200790730895,0.9902055555999999,0.0005903022954385688,0.8801854503,0.0051239445588830805,0.9559000000000001,0.0009439868172337498,0.7458071616,0.00756361063190101
7,7,0.1,0.01,0.6932500000000001,0.007491662031885854,0.9875888888000001,0.0005642528142675601,0.8612575458,0.005442724945659834,0.9581550000000002,0.0008564947946913322,0.7681512953999999,0.005307675968031469
7,8,0.05,0.01,0.6725,0.01662494778604998,0.9916055556,0.0006544402087520144,0.8990750075000001,0.006201125032717667,0.959695,0.001439029379670731,0.7693293394999999,0.010587209035885553
7,9,0.1,0.01,0.7131,0.0062262883539607175,0.9863666668000001,0.001219469377849122,0.8532990395000001,0.011552592971362123,0.9590400000000001,0.0014231811003679099,0.7768968758000001,0.007143493969612434
7,10,0.1,0.01,0.7137499999999999,0.00939932030639568,0.9878777777,0.0005664367345179431,0.8674214231999999,0.005738736476997995,0.9604650000000001,0.0011165547207568761,0.7830914572000001,0.006848549352247493
8,3,0.1,0.005,0.5916,0.013457340004622013,0.9830166667,0.0008892941198992332,0.7947133609,0.009048008807468522,0.943875,0.0015017119859976067,0.6782052503,0.010411109454493313
8,4,0.05,0.005,0.58575,0.012802452022084593,0.9925611110000002,0.0004992792624304803,0.8974968987,0.0049759847080264145,0.9518799999999998,0.0010122033173011885,0.7087676424,0.00869581793661013
8,5,0.1,0.005,0.65245,0.013100996569387834,0.9891166666999999,0.0004362279307250711,0.8694458701000001,0.0053934742656849095,0.9554500000000001,0.001421462470681381,0.7454278655,0.009800620450182046
8,6,0.1,0.01,0.68855,0.009310835981084963,0.9839055556,0.000871767977022208,0.8262795788,0.0067641966708975884,0.9543699999999999,0.0007506293655622908,0.7510955119,0.004971561002816708
8,7,0.05,0.01,0.6714,0.007504813270310086,0.9915944444000001,0.0004641096211742201,0.8987557404000001,0.005014961739561447,0.9595750000000001,0.0008141969458716093,0.768592962,0.005391646753580049
8,8,0.1,0.01,0.70995,0.01378294034103188,0.9902055554999999,0.0007085844178565621,0.8896316064999998,0.006114402366376424,0.96218,0.001109854845363902,0.7896051176000001,0.007915717197346189
8,9,0.05,0.01,0.68845,0.007980705900273877,0.9922777778,0.0006919089822950864,0.9083772691,0.0070878608233806255,0.961895,0.0007893210866167039,0.7832254946,0.005075085673682716
8,10,0.05,0.01,0.69955,0.01235459878389868,0.9933666666999998,0.0007301088369925964,0.9214271804999999,0.007958030283663582,0.9639850000000001,0.0013195222199299682,0.795237441,0.008585853726218855
9,3,0.1,0.005,0.5936999999999999,0.010641115229774244,0.9839833334,0.0008198706987621433,0.8046273098000001,0.0099328098039344,0.9449549999999999,0.001594338943470499,0.683232975,0.009964768882691702
9,4,0.05,0.01,0.6068,0.008570621655140064,0.9897444444,0.0008446556059896938,0.8680357401000001,0.00976708277957794,0.95145,0.0012154103102336327,0.7142452637999999,0.00761332235544437
9,5,0.1,0.005,0.65125,0.014246344560389286,0.9890277779000002,0.0009952734681514025,0.8684395432999998,0.010186996201837748,0.95525,0.0014961060568466841,0.7442241861,0.01000284075804761
9,6,0.1,0.01,0.6874499999999999,0.007921314425158373,0.9865333332999999,0.0009023669947096564,0.8501979842,0.00833287842372907,0.9566250000000001,0.00100256615187672,0.760170793,0.00575112132328293
9,7,0.05,0.01,0.679,0.008922505876216104,0.9922944445,0.0007671451490417284,0.9073453424,0.008980811252270529,0.9609650000000001,0.001384246686428728,0.776718829,0.008252401305362313
9,8,0.05,0.01,0.6876,0.013386975428046132,0.9929611111,0.0005549689289243387,0.9156441531,0.006401076300664564,0.962425,0.0014693630517260826,0.7853449727,0.009732807406087816
9,9,0.1,0.01,0.7157499999999999,0.008750396816398944,0.9912055555000002,0.0007181987236981229,0.9004523215000001,0.007638780976672945,0.96366,0.001224699509630365,0.7975228392,0.007193106982259822
9,10,0.05,0.01,0.7087000000000001,0.013968615615808956,0.9937777778999999,0.00042471637433507363,0.9267472107,0.005207416856525204,0.96527,0.0015470760952339918,0.8031334787000001,0.01013176854448428
10,3,0.1,0.005,0.595,0.008495096624916449,0.9852055556,0.0007935136118090724,0.8171449727000001,0.009571669560691843,0.946185,0.001423620189672973,0.6885871849,0.008586725872793311
10,4,0.05,0.01,0.6076499999999999,0.00948990691910797,0.9906222224000001,0.0008168325134364686,0.8781421266,0.008874081604447233,0.9523249999999999,0.0010014572715132022,0.7182130177999999,0.006912364578774726
10,5,0.05,0.01,0.643225,0.011992843260615225,0.9920138888499999,0.0006050670499955675,0.8994821890000001,0.007532358163940207,0.9571350000000001,0.001459641268113136,0.75002502745,0.009761288462475612
10,6,0.1,0.01,0.68665,0.004150301193889412,0.9887555555,0.0007096240798515654,0.8715877127,0.0073156895646117204,0.958545,0.0008706479068933625,0.7681333178,0.00458683981154006
10,7,0.05,0.01,0.68535,0.01198390123828166,0.9925333332999999,0.0006081297847636335,0.9107150896,0.0069596295672925464,0.961815,0.0013804286773800739,0.7820742687,0.008976556213210272
10,8,0.05,0.01,0.6931999999999998,0.011363195951061578,0.9938888888000001,0.0004906535198521352,0.9264936455999999,0.0057355061921872666,0.9638199999999999,0.0012800173609933824,0.7930036997000001,0.008405720996906165
10,9,0.05,0.01,0.6988999999999999,0.011647126493498524,0.9935166666,0.000482939348150288,0.9229820605000001,0.004948829087268194,0.9640549999999999,0.0010758588300619149,0.7954017536,0.00745838672688298
10,10,0.05,0.025,0.7319000000000001,0.013556509409446867,0.9916666667499999,0.0007403264049289569,0.9070969209499999,0.007527510271629781,0.96569,0.0014529099656967936,0.8100625467,0.009136397634335613
10,15,0.05,0.025,0.7523000000000001,0.007122733557654187,0.9927111110999999,0.0004229364618409438,0.9197908535,0.004704300544514689,0.96867,0.0009690201236300445,0.8276467052,0.00570702548445023
10,20,0.05,0.025,0.7569999999999999,0.013354150416006743,0.9941888888999999,0.0003850783676677548,0.9353640784000001,0.0043630786415322104,0.9704699999999999,0.0014501340934164936,0.8367343942,0.009056201489609405
10,25,0.05,0.025,0.76375,0.010575784709524968,0.9954055556,0.0008570895081412504,0.9486698211,0.009384477511737151,0.97224,0.0015367353563823418,0.8461945928000001,0.008838688026728983
10,30,0.1,0.025,0.7943,0.008609426358487684,0.9915166666999999,0.0006728366196450043,0.9123318405999999,0.006483274709864568,0.971795,0.0011166542287864747,0.8492100621999998,0.006292240169969148
10,35,0.05,0.05,0.7902500000000001,0.011028372500056406,0.9926555556000001,0.0006624351890549392,0.9228531999999999,0.006387884231640879,0.972415,0.001159034559929558,0.8513724463000001,0.006901441234302451
10,40,0.05,0.05,0.78525,0.0111535993194026,0.9928944443999999,0.0004128010883537565,0.9246944794999999,0.004250888800300492,0.9721299999999999,0.0012076607323434866,0.8492518823000001,0.007285582316868562
10,45,0.025,0.05,0.7638499999999999,0.010580511434813655,0.9962777775000001,0.00019065962676584295,0.9579740276,0.0023447488473154207,0.973035,0.0011355493041793477,0.8499390688,0.007112039563808802
10,50,0.05,0.05,0.7854,0.012829653151975715,0.994138889,0.0005005140731774442,0.9370729698,0.005194519271689406,0.9732649999999999,0.0013747828111297228,0.8545096404000001,0.008302051897973771
10,55,0.05,0.05,0.7733,0.00971024659258913,0.9939888889,0.0006267909212688123,0.9346750879999999,0.006084311288201334,0.9719199999999999,0.0008696103853003489,0.8463146668,0.005477065158487307
10,60,0.05,0.05,0.76895,0.011314813299387657,0.9947333331999999,0.00041722186122195465,0.9419574352,0.0041830116032595495,0.9721550000000001,0.0010955592179339236,0.8466598397999998,0.006988553476828865
10,65,0.05,0.05,0.7723500000000001,0.012193008014614143,0.9943444443999999,0.000710396841124297,0.9382029862,0.007381605624925741,0.9721449999999999,0.0014213549873272398,0.8471869034000001,0.008472365866057933
10,70,0.05,0.05,0.7666000000000001,0.00789444248963931,0.9950222222,0.0005438267317161371,0.9448000697000001,0.005882060461836064,0.97218,0.0010382142788889432,0.8464038826,0.006074797384173577
10,75,0.05,0.05,0.7636000000000001,0.013091133555875805,0.9948833334,0.0004103013088700607,0.9431554965999999,0.003961232471299225,0.9717550000000001,0.0011821472929471227,0.8438667637,0.007722382497468347
10,80,0.05,0.05,0.75945,0.014314813616980443,0.9950000001000001,0.00022376002479665023,0.9440480212999999,0.0026085968691108184,0.9714450000000001,0.0014614395490596026,0.8416880988000001,0.009273040767910986
10,85,0.05,0.05,0.7596,0.011644741302407693,0.9947444443,0.0006759639270901502,0.9414618790999999,0.006661432482946918,0.9712299999999999,0.000996159291144413,0.8407391396999999,0.006465733023822551
10,90,0.05,0.05,0.76115,0.010783346213284419,0.9957,0.0003621304549364308,0.9516244515000001,0.0038624113455185626,0.972245,0.0011089158870015567,0.8457575930999999,0.0070259758063869965
10,95,0.05,0.05,0.75085,0.01148199072944716,0.9955222222,0.0006718931291171516,0.9491073794,0.007214785616052658,0.971055,0.0012573009009603058,0.8383650885,0.007786187648613917
10,100,0.05,0.05,0.75125,0.010146838588118608,0.9956166666999999,0.00043858018319573575,0.9501170565999999,0.004837647936661162,0.9711799999999998,0.0011200694422916651,0.8390279599999999,0.006951770180751803
15,5,0.1,0.01,0.6831,0.012314851016376744,0.9880499999,0.0007979956631000974,0.8640291259999999,0.007589659224684519,0.9575549999999998,0.001265229447790235,0.7629186064,0.008325917245201007
15,10,0.05,0.025,0.74375,0.0049902683071932795,0.9925944443000001,0.0008033921013116865,0.9178289472,0.008124882740163104,0.96771,0.0007827302643099186,0.8216446203000001,0.004078493137209001
15,15,0.05,0.025,0.7738499999999999,0.010648552327272794,0.9952722223,0.000632048794477834,0.9479627509,0.006144276007295096,0.9731299999999999,0.0008007635245328458,0.8520389928000001,0.005288009831978642
15,20,0.025,0.05,0.78555,0.009959501326204398,0.9945333333,0.0006835314957075646,0.9411327116999999,0.006684007784599588,0.9736349999999998,0.0008900842656737446,0.8562780753,0.005450170260292902
15,25,0.05,0.05,0.8170499999999998,0.006474093673162955,0.9921944443000001,0.0006840581947865841,0.9208740283000001,0.006260341238334612,0.9746799999999999,0.0007572611467944584,0.8658356307,0.004119380914611427
15,30,0.05,0.05,0.8256,0.011632808011061754,0.9931611111,0.0006544403077905451,0.9306530180000001,0.006158729412834533,0.9764050000000001,0.001257300900960286,0.8749390199,0.007211063776447873
15,35,0.05,0.05,0.8217000000000001,0.006791334347697978,0.9941833334,0.0007900486347482847,0.9401602919000001,0.007664511477446137,0.9769350000000001,0.0009706956268573692,0.8769224167,0.005183696293850319
15,40,0.05,0.05,0.8247499999999999,0.0066968068676214925,0.9948499998999999,0.00028333944486288705,0.9467958126999999,0.0027956120751394605,0.9778399999999999,0.0007167829363048384,0.881555566,0.004183583923748196
15,45,0.025,0.05,0.8113499999999998,0.012186171580023707,0.9972444444,0.00017607200017493075,0.9703319957,0.0019751697990035835,0.978655,0.0012672038334678208,0.8837080481000001,0.007616944684375555
15,50,0.05,0.05,0.8133000000000001,0.008944893018427371,0.9955444441999999,0.0004631851564583098,0.9530398978999999,0.0044962906302049325,0.97732,0.0008625543461139069,0.8776101712000001,0.005132306470974497
15,55,0.05,0.05,0.8143,0.008243515970479787,0.9960333334,0.0005317105705778828,0.9580412264,0.005197454678517004,0.97786,0.0007669564669668063,0.8803086663,0.004572623064243171
15,60,0.05,0.05,0.8109999999999999,0.009663792676216143,0.9959444445000001,0.00044752009097302363,0.9569723998,0.004275565794541205,0.9774500000000002,0.0008013876853447556,0.8779178515,0.005001751304126381
15,65,0.05,0.05,0.80995,0.007544129432140502,0.99665,0.0005512488639568812,0.9641255529,0.005801171265711986,0.97798,0.0010236644415475673,0.8803221906,0.005768378024061718
15,70,0.05,0.05,0.80395,0.011545682213614647,0.9965055558,0.00034491213926666505,0.9623686713999999,0.0035256359351974738,0.97725,0.0011279282877125773,0.8760105448,0.0068860975379863975
15,75,0.05,0.05,0.7998999999999999,0.004389381125701738,0.9966666667,0.00038490021153482967,0.9638611139000002,0.004050066315707974,0.97699,0.0006163512706962711,0.8742526287000001,0.00346579565684049
15,80,0.05,0.05,0.80185,0.009351321950517055,0.9968388888999999,0.00040440807036964857,0.9657525196,0.004218419776410385,0.9773399999999999,0.0009660342759044526,0.8761716473,0.005817220443834971
15,85,0.05,0.05,0.7991,0.010566719242771397,0.9968777777,0.00045872138395036053,0.9660535963000001,0.004821452030175501,0.9771000000000001,0.0010832051206181176,0.8746413378,0.006570950131145242
15,90,0.05,0.05,0.7922,0.007576278769950335,0.9968166666000002,0.00030094734556257316,0.9650940779999999,0.003318181201363406,0.9763550000000001,0.0008982854037924988,0.8701277980000001,0.005326598274928765
15,95,0.025,0.1,0.8061000000000001,0.01263109039016205,0.9951111109999999,0.00042953372013769964,0.9482771594000001,0.003899130005196579,0.97621,0.0011047372739454637,0.8713668671000001,0.006882867973919978
15,100,0.05,0.05,0.79115,0.008853906858933357,0.9968055556,0.0003991160019223313,0.9649568703,0.004112225398140243,0.97624,0.0008713973452641136,0.8694218243,0.005351173932054935
20,5,0.1,0.01,0.67775,0.01562272205617333,0.9906555554999998,0.0007466431828685242,0.8896289830999999,0.00809926594646298,0.959365,0.0017128679653337642,0.7692847354000001,0.011355161607144287
20,10,0.05,0.025,0.7455,0.01162134052317353,0.9939388889,0.0006648380580895824,0.9318078127000001,0.0075625975435448895,0.9690949999999999,0.0015557152695785759,0.8282781679,0.009263881809394352
20,15,0.05,0.025,0.77645,0.006942021799639266,0.9954111110999999,0.0007149203840678024,0.949509037,0.007740924626401557,0.9735149999999999,0.0012229404455382736,0.8542948778999999,0.006770982368917375
20,20,0.025,0.05,0.8026499999999999,0.01267116148320007,0.9963833333000001,0.0004385800846735255,0.9610482112,0.004535935138099812,0.9770100000000002,0.0012677188612271722,0.8746824355000001,0.007697229854310314
20,25,0.05,0.05,0.8272,0.006737952211169215,0.9938333332999999,0.0003777050165951407,0.9371320289,0.0036679903501297007,0.9771700000000001,0.0007793159393553655,0.8787277459,0.004432943134430562
20,30,0.025,0.05,0.8219000000000001,0.0068182760936243,0.9966888886999999,0.0007532282182027469,0.9650677278000002,0.007644229391278861,0.9792099999999999,0.0009270023372858023,0.8877217134000001,0.005046382487241431
20,35,0.025,0.05,0.82575,0.010789011899973864,0.9970055554,0.0003419163343542746,0.9683901497999999,0.0036368815777125013,0.97988,0.0012028207587906885,0.8913704786000001,0.007058747001515573
20,40,0.05,0.05,0.84045,0.004633513185957765,0.9949833334000001,0.00026195683054664354,0.9490184461,0.002628982147331644,0.9795300000000001,0.0005893499243516835,0.8914358326,0.003285341089374442
20,45,0.025,0.05,0.8269500000000001,0.006845314699364347,0.9975388888,0.00045965469475342193,0.9739525437,0.004647848168072971,0.98048,0.0005573747990954309,0.8944246077000001,0.0033483317380299717
20,50,0.025,0.05,0.8228500000000001,0.007004165427324894,0.9978833331999999,0.0002752350979111724,0.9773720294,0.0029405232832298237,0.98038,0.0008145209907942441,0.8934669320000002,0.004732759228132565
20,55,0.025,0.05,0.82325,0.006638482088884805,0.9980833332000001,0.0005126988543252323,0.9795000464000001,0.00538108008139876,0.9805999999999999,0.0008256310717667434,0.8945860696000001,0.004664908044629904
20,60,0.025,0.1,0.8446999999999999,0.009516652072376437,0.9950277777000001,0.0006464262561684958,0.9497221153,0.00617790445350043,0.9799950000000001,0.0010902216899939799,0.8941048972999999,0.006072964807008142
20,65,0.025,0.1,0.8393,0.00666333249958309,0.9953833333999998,0.00040270859618730834,0.9528355817999999,0.00402492208623369,0.9797750000000001,0.0008327497956902935,0.8924596365999997,0.004649257588019747
20,70,0.025,0.1,0.84055,0.005673770057613085,0.9957333331999999,0.00048700525371586883,0.9563297879,0.004790970335001342,0.980215,0.0007356214304170992,0.8946972221999999,0.004030581480305504
20,75,0.025,0.1,0.8395499999999998,0.009130078495463967,0.9954611113,0.00036293453573492325,0.9536177996000001,0.0034007347165487386,0.97987,0.0008676917015212818,0.8929267882999999,0.005089702705903784
20,80,0.025,0.1,0.8411500000000001,0.008596026213702873,0.9957055556000001,0.0005218477081033677,0.9561063073,0.004940178282309545,0.9802500000000001,0.0008079466429027226,0.8949190917,0.004679161095795478
20,85,0.025,0.1,0.83375,0.011764470994387198,0.9957777778000001,0.0002904516633183476,0.9564017381,0.003069634107557907,0.9795749999999999,0.0012675983415718138,0.8908401686999999,0.007370518887029423
20,90,0.025,0.1,0.8321,0.005621387729022084,0.9960055555,0.00047894657998017484,0.9586112628999999,0.004694351265222041,0.9796149999999999,0.0006214007474157748,0.8908704032999999,0.003484264277038976
20,95,0.025,0.1,0.83345,0.006546627630569302,0.9958777779,0.00037111028350626964,0.9573857751,0.0037801113530914433,0.979635,0.0008286702869322798,0.8911190026,0.004664221591016975
20,100,0.025,0.1,0.8375,0.010410998457827616,0.9958166667,0.0004815168874447439,0.9569808237999998,0.004902302874797118,0.9799849999999999,0.0012387381572480198,0.8932361337,0.00701752264388273
25,5,0.1,0.025,0.7011499999999999,0.005126456432620441,0.9860722221,0.0005995253658810288,0.8483696638,0.005419930822867809,0.9575799999999999,0.0006545566777937909,0.767749065,0.0036689623778443457
25,10,0.05,0.025,0.7521,0.011829342049891568,0.9951777779000001,0.00046687259536395774,0.9454741978000001,0.004853047553192182,0.9708699999999999,0.001135585996547844,0.837718636,0.007320089914323096
25,15,0.025,0.05,0.7841,0.011154968997416966,0.99555,0.0005389175479206957,0.9514244891999999,0.005635360864167208,0.9744050000000002,0.0012271126906504984,0.8596550732000001,0.007417862969269444
25,20,0.025,0.05,0.80625,0.010604637350392196,0.9960833335,0.0004956948200207402,0.9581229698,0.005152179973082363,0.9771000000000001,0.0011914044000440813,0.8756162983,0.007009574203968881
25,25,0.05,0.05,0.8316000000000001,0.01050872653242691,0.9960222221999999,0.0004415025734460895,0.9587374778,0.004443850010803861,0.97958,0.0011433867820354292,0.8906222704000001,0.006612975493331968
25,30,0.025,0.05,0.8266499999999999,0.006557650324451419,0.9970722223999999,0.0003054715130214336,0.9691144585000002,0.003153536706340425,0.98003,0.0007353003921301009,0.8922182392,0.004243745383407341
25,35,0.025,0.05,0.83445,0.008619905903069838,0.9973333335,0.0004048743932980868,0.9720670220000001,0.004061577679945646,0.981045,0.0008261187700459376,0.8979876800000002,0.004865659617575246
25,40,0.025,0.05,0.8401499999999998,0.00864436232465993,0.9974000000000001,0.0003412638215294426,0.9729198626000001,0.0033966329119596694,0.9816750000000001,0.0008307459833721004,0.9016467408999999,0.004878698047256193
25,45,0.025,0.1,0.8616499999999998,0.0064508827991902684,0.9946555555,0.0005163978631699568,0.9471371654,0.004991813932068381,0.981355,0.0009268974532756404,0.902363527,0.0049673817527598665
25,50,0.025,0.1,0.8626999999999999,0.006156297588648546,0.9954555556000001,0.00024258530721343348,0.9547338090999998,0.0024635186513223164,0.9821799999999999,0.0007383164031166364,0.9063789576,0.0041011478146574095
25,55,0.025,0.1,0.8627500000000001,0.005926634795564844,0.9955277776999999,0.000702850313438247,0.9554643155000001,0.006698743675883982,0.98225,0.000894427190999918,0.9067258049,0.004683126399748399
25,60,0.01,0.1,0.8445500000000001,0.008655280982665388,0.9977555554999998,0.00021627837317950838,0.9766391543999999,0.002261060527784053,0.982435,0.0009249774772032588,0.9057850147000002,0.0053250243417745854
25,65,0.025,0.1,0.8622500000000001,0.010198719963254648,0.9956444444999999,0.0004537602731174384,0.9565219043,0.004444596515432419,0.9823050000000002,0.0011439332731122628,0.906915203,0.006400190737581838
25,70,0.025,0.1,0.85605,0.006043591647356729,0.9964777777,0.0006001828838792089,0.9643213391,0.005877280014862983,0.982435,0.0008209242758419569,0.9069493804999998,0.004412904805241179
25,75,0.025,0.1,0.8639999999999999,0.008730533902472514,0.9961777778000002,0.00033620172964747894,0.9617278805999998,0.003120671622011468,0.98296,0.0007926047074186481,0.9102211122000001,0.004571526126304988
25,80,0.01,0.1,0.8369500000000001,0.008450673871880815,0.9982555555999999,0.0003335390529802159,0.9816110198000001,0.0033828759901438884,0.9821249999999999,0.0007450764315752407,0.9034975290999998,0.0044782296549777485
25,85,0.025,0.1,0.85365,0.005538000040126809,0.9964333334,0.00043255720016308557,0.9637773905,0.004219469661597611,0.982155,0.0006422400035985134,0.9053641241000001,0.003533879274939459
25,90,0.025,0.1,0.8545,0.008727351641057372,0.996611111,0.0002709025963982857,0.9655301338000001,0.002816007464103037,0.9824000000000002,0.0010055402085998846,0.9066120164000001,0.005681935359884242
25,95,0.025,0.1,0.8507999999999999,0.004191260749066649,0.9966222221999999,0.0004806259613022854,0.9655238864,0.00470136977873474,0.9820400000000001,0.0005675483337224326,0.9045283285,0.0030223647591277906
25,100,0.025,0.1,0.8459999999999999,0.007404953297174361,0.9969166667,0.00034071049080708007,0.9682498558000001,0.003396296534171891,0.981825,0.0007920613051469649,0.9029887491,0.004525391914522111
30,5,0.1,0.025,0.7062499999999999,0.015284796367632778,0.9861722222000001,0.0010137769410208046,0.8502897522999999,0.008336402091982652,0.9581799999999999,0.0013854802616982808,0.7714951996,0.009177644491821882
30,10,0.05,0.025,0.7455,0.006595452979136452,0.9956722222,0.00040778585150290744,0.9503503135999999,0.004594306388556226,0.970655,0.0008719231617522271,0.8355412899000001,0.005224966087017512
30,15,0.025,0.05,0.78685,0.010839869822916596,0.9965500000000003,0.0004432468324288668,0.9620477957999999,0.004770401305955698,0.9755800000000001,0.0011825584317252367,0.8656369260000002,0.007145748191473049
30,20,0.025,0.05,0.8096500000000001,0.007261198248223194,0.9965111110999999,0.00047416089222410927,0.9626739817999999,0.004983249570940213,0.9778250000000002,0.0009525550436122504,0.8795416250000001,0.005417202298497261
30,25,0.025,0.05,0.8230999999999999,0.006611437900420076,0.9970388888,0.00024009884681422533,0.9686422726,0.0024826029077115322,0.9796449999999999,0.0006885774385564044,0.8899464150000002,0.004071109157738265
30,30,0.025,0.05,0.83635,0.011367717448986838,0.9979944445000001,0.00038351684192286745,0.9789143651,0.0037840139368925884,0.9818299999999999,0.0009569047322835735,0.9019811970999999,0.005824254569749218
30,35,0.05,0.05,0.8529000000000002,0.006012948989934618,0.9958333333999999,0.00033742358582192824,0.9578881118,0.0033412706171258868,0.9815400000000001,0.0007324995259763189,0.9023410227000002,0.0040684133599746194
30,40,0.025,0.1,0.8669,0.006358721045409477,0.9953277776,0.0004362279774216424,0.9537444929,0.004225377356840181,0.9824850000000002,0.0008409815693580891,0.9082408698999999,0.004556732093266494
30,45,0.025,0.1,0.8721500000000001,0.006302777165662756,0.9956166666999999,0.0006449393562584782,0.956752023,0.006145556271120187,0.9832699999999999,0.0009168787633415167,0.9124788649,0.0048485048247483295
30,50,0.025,0.1,0.87715,0.005911617563934788,0.9956333334000002,0.00034466342819924173,0.9571254536,0.00325364059772023,0.9837849999999999,0.0006671040232061319,0.9153833107999999,0.0036542540994772437
30,55,0.01,0.1,0.85885,0.007863594032699772,0.9979055556,0.0003271546007390176,0.9785400024000002,0.0032165842004059533,0.984,0.0007457285773732355,0.9147739671,0.004298820327575898
30,60,0.01,0.1,0.85725,0.0036912057650583517,0.9980944445000001,0.000335435622627355,0.9803938541000001,0.0034006985839250157,0.9840099999999999,0.000527994107711231,0.914691161,0.0028595930542799223
30,65,0.01,0.1,0.8586500000000001,0.00747235646306513,0.9981833333000001,0.00034151477884599205,0.98132228,0.0034569165839778136,0.9842299999999999,0.0008256983576208507,0.9158801086,0.0046647273712134155
30,70,0.01,0.1,0.8616000000000001,0.008484626620475959,0.9981944443999999,0.00025289829714120936,0.9814903895999999,0.002564106500514795,0.9845349999999999,0.0009067800174243049,0.9176265739,0.005162533005087813
30,75,0.01,0.1,0.8559000000000001,0.0064541115233280365,0.9982499999,0.0003815444707077349,0.9819522999,0.0038126837022362,0.9840150000000001,0.0006178142475246381,0.9145849157999999,0.003527060412322413
30,80,0.01,0.1,0.8577999999999999,0.00917484483671401,0.9984722222,0.0002737360302667045,0.9842124688,0.0028845573438054223,0.9844050000000001,0.0010920037647472907,0.9166519933,0.006144539020178953
30,85,0.01,0.1,0.85305,0.005035705842613652,0.9984611112999999,0.0003415147246212541,0.9840412628999999,0.0034609888652860953,0.98392,0.00047737709296621076,0.9138627662,0.0027152410391674893
30,90,0.01,0.1,0.8559999999999999,0.007067138349038057,0.9985555553000001,0.00019245021802998544,0.9850319473999999,0.0020491624324190006,0.9843,0.0008482007099999595,0.9159850322999998,0.004784268887656001
30,95,0.025,0.1,0.85885,0.008537661662695865,0.9972777777999999,0.0006661520750592384,0.9723113797,0.006504420911136947,0.9834350000000001,0.0009612058399045864,0.9120328784,0.005281968550510882
30,100,0.025,0.1,0.8563000000000001,0.005308274463305164,0.9972055557999999,0.0005051517185070532,0.9714957146,0.004939218011926918,0.9831150000000001,0.000613754384460485,0.9102521160000002,0.003330102278478874
35,5,0.1,0.025,0.707,0.01186498115370513,0.9867444444,0.0008769257433765555,0.8556313082000001,0.009148961394937273,0.95877,0.0016605220062779363,0.774213864,0.00974400210066449
35,10,0.1,0.025,0.7664500000000001,0.009956711862412768,0.9942388888,0.0006988380326548249,0.9367069596000002,0.006928714262508233,0.9714600000000001,0.0009497952995836034,0.8430159604,0.005853579847315967
35,15,0.05,0.05,0.8027000000000001,0.004779586221049309,0.9947111111,0.0005049820879900102,0.9440342224,0.005143614097205791,0.9755100000000001,0.0007640535176136282,0.8676415073999999,0.004159869667376772
35,20,0.025,0.05,0.8106500000000001,0.010658981606555514,0.9969777778,0.00035832262171766303,0.967559277,0.003574303209577411,0.9783449999999998,0.000994275280459742,0.8821398840000001,0.006089376175510717
35,25,0.05,0.05,0.8335999999999999,0.007530677998102899,0.9960611111000001,0.0005957381838327318,0.9592360471000001,0.005958342085649709,0.979815,0.0009516214233261535,0.8919945949000001,0.005253232799580214
35,30,0.01,0.1,0.8391500000000001,0.007023966907034176,0.9971277779000001,0.0004366995192304437,0.9701269844,0.0044468548416806515,0.98133,0.0008573862088412227,0.8998825462000001,0.004815029542915577
35,35,0.025,0.1,0.8592000000000001,0.011331372379372233,0.9960777777999998,0.0005482230369264553,0.9605699186000001,0.005202914893517226,0.9823899999999999,0.0011313217441952113,0.9070165590999999,0.00642930567030906
35,40,0.025,0.1,0.8708,0.008052604823561398,0.9955944445,0.0004124685389341886,0.9564744277999999,0.003750012417479087,0.983115,0.0007238208802367226,0.9116027785,0.004133318498950133
35,45,0.025,0.1,0.8776999999999999,0.006888799282571342,0.9960166666000001,0.0007056745139340578,0.9608060203000001,0.00657333363700818,0.9841849999999999,0.000830010040099931,0.9173486468999998,0.004400440748357747
35,50,0.01,0.1,0.8637499999999999,0.006232753983771727,0.9978222223,0.0003442651074354777,0.9778165767999999,0.003464923195798192,0.984415,0.000758305860308215,0.9172402515,0.004205638361145352
35,55,0.01,0.1,0.8692,0.007114929530376403,0.9980388889,0.00031973303185606954,0.9801084051,0.0031533718163876336,0.985155,0.0007410390602990344,0.9213119038999998,0.004179681667512483
35,60,0.01,0.1,0.8728999999999999,0.006488451279003323,0.9981722222,0.00016656369329266953,0.9815033034999999,0.001675118593873016,0.9856450000000001,0.0006881739121278147,0.9240106345999999,0.00388116148453617
35,65,0.025,0.1,0.8811500000000001,0.007382599662569934,0.9966722221,0.00027020538624266625,0.9671305017,0.002609569535599631,0.9851199999999999,0.0007944949478896869,0.9221260153999999,0.0044073328466575495
35,70,0.01,0.1,0.8679500000000001,0.0070885275073333765,0.9983833332,0.00025586414755264937,0.9835191464999999,0.0025371153541540376,0.9853400000000001,0.0007283161706597344,0.9221122858000002,0.0041226524636965665
35,75,0.025,0.1,0.8773,0.003917198545446013,0.9971,0.00036925743897932035,0.9711194867999999,0.003584335538279511,0.98512,0.0005318730007143533,0.9218225587000001,0.0028363131598267933
35,80,0.01,0.1,0.86715,0.007371303216603626,0.9984555556,0.000334155289462925,0.9842319699,0.0033652006722298404,0.9853249999999999,0.000804932709402877,0.9219722864000002,0.00452102212905916
35,85,0.025,0.1,0.8781000000000001,0.008441958698469603,0.9972499999999999,0.0004866177479783885,0.9725892312000001,0.004839877365581476,0.9853350000000001,0.0011022829844362972,0.9229173733,0.0059722316096029815
35,90,0.01,0.1,0.8576499999999999,0.0054265294822954955,0.9987333332999999,0.00021243889010779085,0.9868787885,0.0022242693426401334,0.984625,0.0006754628043053084,0.9177318742999999,0.003785853077817652
35,95,0.01,0.1,0.8643000000000001,0.006646636576327739,0.9986888890000001,0.0002823086360366948,0.9865388184,0.002866634366723772,0.98525,0.0007011894655987466,0.9213687831999999,0.003965344901410867
35,100,0.01,0.1,0.8644000000000001,0.008349318002753923,0.9986333334000002,0.0002835210552178095,0.9859837537999999,0.0028368227977465673,0.98521,0.0007967991521637434,0.9211735745,0.004567952895696787
40,5,0.1,0.025,0.6973999999999999,0.008952963506881724,0.9874777779,0.0008127921809986365,0.8609167282,0.008148052696228968,0.9584699999999999,0.0012618769089468654,0.7705511375999999,0.00730783082225429
40,10,0.05,0.05,0.7724,0.013040109065665245,0.9930055555999999,0.0006653537726642114,0.9247323930999999,0.005802186659388147,0.9709450000000001,0.0009426469823498682,0.8416429227,0.006425789364033722
40,15,0.05,0.05,0.8034000000000001,0.00915241316083722,0.9950166665000001,0.0005696063828758887,0.9471658886000001,0.005566246922855823,0.9758549999999999,0.0009208842369037452,0.8693430426,0.005479695355145883
40,20,0.025,0.05,0.80915,0.009225718881956493,0.9975277776999999,0.0003023116028416222,0.9732416733999999,0.0032174339915092744,0.97869,0.0009834180754445664,0.8836173301000001,0.0058801669517352965
40,25,0.05,0.05,0.8435500000000001,0.007425369425901391,0.9962944444999999,0.0004941703353114516,0.9619750358000001,0.004992418966606649,0.9810199999999998,0.000995880403350608,0.8988654718000001,0.0054989749171912555
40,30,0.05,0.05,0.8454499999999999,0.004597402648356044,0.9963777778,0.0005249600381943907,0.9628885051999999,0.005252496406970905,0.9812850000000001,0.0007619601914360986,0.9003483309,0.004064666455272001
40,35,0.01,0.1,0.8542500000000001,0.006038073644245606,0.9976277777,0.000394622589053854,0.9756294899,0.003961998189991013,0.9832899999999999,0.0007093815773067672,0.9109013238999999,0.003945402249677985
40,40,0.025,0.1,0.8717,0.00502880591083895,0.9965833334,0.00040083063618282,0.9659432973000002,0.0038128442751146595,0.9840950000000002,0.0005454101412902333,0.9163932763,0.00297636721204159
40,45,0.025,0.1,0.88515,0.005431645954752391,0.9959444445999999,0.0003731377004328088,0.9604073257,0.003503438289943484,0.9848649999999999,0.0006381614215854929,0.9212343341,0.003448147422474603
40,50,0.025,0.1,0.8869999999999999,0.006123724356957951,0.9961388889,0.00027121881209272016,0.9623097398,0.0024894102307175003,0.985225,0.0005745771391979293,0.9231082732000001,0.003208931421348041
40,55,0.025,0.1,0.8865500000000001,0.004010056802036051,0.9965611110999999,0.0004077860498034603,0.9662860242999999,0.003808642774264513,0.9855599999999999,0.00042544094772365657,0.9246922243,0.0022569363012620164
40,60,0.01,0.1,0.8778499999999999,0.006472377203676128,0.9981666666999999,0.0003533107939858418,0.9815621394999999,0.003495698397515968,0.9861350000000002,0.000708303920957987,0.9267997229999999,0.003918130055207739
40,65,0.01,0.1,0.87525,0.007424621202458747,0.9983833335,0.00020361956679947442,0.9836584172999998,0.0019613705656534213,0.98607,0.0006675827039900579,0.9262741114,0.003834623201360702
40,70,0.01,0.1,0.8755000000000001,0.008127456893491064,0.9986055556,0.00022898677458661596,0.9858691287999999,0.0022998141916292535,0.9862949999999999,0.0008648859912021736,0.9273950858,0.004852171944741242
40,75,0.01,0.1,0.8801500000000001,0.007098708802779998,0.9986944443999999,0.0003335904399390181,0.9868373607,0.003305057741140932,0.9868400000000002,0.0007449086446597888,0.9304287675999999,0.00414839369470055
40,80,0.01,0.1,0.8759,0.006081849134012499,0.9987277777000001,0.0002598538491310828,0.9870958713,0.00264091468864931,0.986445,0.0007319874012273495,0.9281711901000002,0.004043948758859991
40,85,0.01,0.1,0.8721,0.005915140648276139,0.9986444444,0.00021942682348397496,0.9862111898999999,0.0021707446488516005,0.9859899999999999,0.0005695027070465415,0.9256400605999999,0.0032396518192755854
40,90,0.01,0.1,0.87355,0.008623127816131058,0.9985611112999999,0.0002752353333999689,0.9853933196,0.0027890152350080427,0.9860599999999999,0.0009389118997837745,0.9260879638999999,0.00526344788578828
40,95,0.01,0.1,0.8691500000000001,0.004503393781977701,0.9987277776999999,0.00013211874621051227,0.9870007707999999,0.0013154819303454893,0.9857699999999999,0.00042700507413065826,0.9243273754999999,0.0024503213239554715
40,100,0.01,0.1,0.8738000000000001,0.00745430524372773,0.9988777778,0.00021722788789952025,0.9885709777999999,0.002213599968045394,0.98637,0.0008373901254625852,0.9276360837000001,0.004677815789285478
45,5,0.1,0.025,0.6933,0.00952832036032,0.9887277778,0.0009673864907556951,0.8723862523999999,0.010327962937728578,0.9591850000000001,0.0015629477136345784,0.7725768389999998,0.008900877989018017
45,10,0.05,0.05,0.7704500000000001,0.00916954500264631,0.9934888889,0.0006987150937022944,0.9293791734999999,0.006817731165760112,0.9711850000000002,0.000912886143563977,0.8424404682999999,0.0054866745298142675
45,15,0.1,0.05,0.8248,0.01049126620893143,0.9921666666,0.0005399030078519547,0.9212739119999999,0.0050372745130754445,0.97543,0.001123288822065712,0.8703373148999999,0.006476175584653845
45,20,0.05,0.05,0.82025,0.008910823630718863,0.9962555557,0.0006718930703188355,0.9605886646,0.00676599497983755,0.9786550000000002,0.0009699513160749679,0.8848521779,0.0055258078185639135
45,25,0.05,0.05,0.8392,0.007126632366615317,0.9972277778999998,0.0004985918688815145,0.9711491318000001,0.005090242115335256,0.981425,0.0008515508727544576,0.9003470063,0.004765621623948435
45,30,0.025,0.1,0.8598000000000001,0.0071848606264994595,0.9952555557,0.00042889461423939863,0.9527055566,0.004021360330964943,0.9817099999999999,0.0007437890979452737,0.9038523992,0.004165039967159519
45,35,0.025,0.1,0.87155,0.005514878864389393,0.9957499999000001,0.00046499560081705773,0.9579709929,0.004445226489466781,0.9833300000000001,0.0007439384681843336,0.9127093247000001,0.0039754795560863355
45,40,0.01,0.1,0.86545,0.008361452558550388,0.9980333333000001,0.0002918649527047465,0.9799855812,0.002727324722655423,0.984775,0.0006165540437698058,0.9191330899000001,0.0037118813935859414
45,45,0.025,0.1,0.8767000000000001,0.005255684752933913,0.9971888888,0.0004552692855437564,0.971962389,0.004463292472187565,0.98514,0.0007478859093025791,0.9218683677999999,0.004002684558344905
45,50,0.025,0.1,0.8906500000000002,0.004643095231990549,0.9962444445,0.0005113257788594958,0.9634532359,0.004864457081925266,0.9856849999999999,0.0007306960152256869,0.9256144465999998,0.003809862122507148
45,55,0.025,0.1,0.89455,0.008581148589268865,0.9965388889000002,0.00029403071398803837,0.9663577452000001,0.002748384850910464,0.9863399999999999,0.0008598449472627904,0.9290472173000002,0.004717387734295885
45,60,0.01,0.1,0.8778499999999999,0.004737849957757427,0.9984055555000001,0.00019953654636027532,0.9839208323000002,0.0019721562441695466,0.9863499999999998,0.00047900359543998945,0.9278564180999999,0.0026818670529254046
45,65,0.01,0.1,0.8851999999999999,0.007775317071062473,0.9986222222000001,0.00023541111166486953,0.9861889953999998,0.002341836563776291,0.9872800000000002,0.0008104182733488782,0.9329529817000001,0.0044969734993524635
45,70,0.01,0.1,0.88275,0.005513871396557758,0.9985166666999999,0.00011726781688942382,0.9851025887,0.001171014941382808,0.9869399999999999,0.0005650958620741529,0.9311139064,0.0031719040332833614
45,75,0.01,0.1,0.8840499999999999,0.005866335217909819,0.9986722222000001,0.00023635615519557467,0.9866647174000001,0.0023536250259166116,0.9872099999999999,0.0006628222486710163,0.9325341463000001,0.003653535945116935
45,80,0.01,0.1,0.88045,0.006002082971769061,0.9987333332999999,0.0002793779284164037,0.9872300797,0.002757806761837813,0.9869049999999999,0.0005624598751120846,0.9307736599,0.0031639668764732163
45,85,0.01,0.1,0.8806499999999999,0.003951441368524767,0.9987722224000001,0.0003158479444378248,0.9876204978999998,0.0031166725201229725,0.9869600000000001,0.0004101490244072509,0.9310648617999998,0.002243311858368321
45,90,0.01,0.1,0.8809499999999998,0.006116689373254836,0.9988944445,0.0003092647848255091,0.9888391232,0.0030815466251679505,0.9871000000000001,0.0006798692684790276,0.9317702561999999,0.0037662844676993614
45,95,0.025,0.1,0.8875,0.007272474743090483,0.9978333333,0.0003131763703690877,0.9785068039,0.0030573396136250714,0.9868,0.0007919736247011046,0.9307692530999999,0.004351245027717894
45,100,0.01,0.1,0.8733500000000001,0.006342318188170611,0.9990666667000001,0.00028424561530794796,0.9904717616,0.0029025911696604853,0.986495,0.0007896729280742165,0.9282226075000001,0.004346491366319251
50,5,0.05,0.025,0.66665,0.015129166092903702,0.9933222224,0.0005327414413645466,0.9173024586000003,0.006378212265336507,0.9606549999999998,0.0016063156601365729,0.7720651366,0.0110616289897936
50,10,0.05,0.05,0.76275,0.008260515184364168,0.9939833334999999,0.0004934758240167144,0.9337443414,0.004948513126489255,0.9708600000000001,0.000813019064967109,0.8395989067999998,0.005068539821929808
50,15,0.05,0.05,0.79995,0.0069580089744760015,0.9954555556999999,0.0005203670270092813,0.9513728395,0.005427746770410237,0.9759049999999998,0.0009331696285004052,0.8691004819,0.0052913461607616
50,20,0.05,0.05,0.8256499999999999,0.01179465509834387,0.996761111,0.00022075140416714353,0.9658832011999999,0.002536833322219088,0.97965,0.0012933591062724175,0.8902457592999999,0.007622546670091298
50,25,0.05,0.05,0.8347,0.005841422962106256,0.9968333335,0.0002143673660493719,0.9669892313999998,0.002126743571147047,0.98062,0.000571644800359231,0.8959763498000001,0.003375887279070384
50,30,0.05,0.05,0.85315,0.010146291057436821,0.9971333335000001,0.00029536887030862823,0.9706545287000001,0.002932889945305318,0.9827349999999999,0.0010222660014779978,0.9080864503000001,0.005892988205147657
50,35,0.025,0.1,0.8692500000000001,0.008330832958220773,0.9960777779000001,0.00038507836766774555,0.9609752258,0.003811941299507785,0.983395,0.0010012353480686768,0.9127984650000001,0.005523254881851665
50,40,0.025,0.1,0.8789,0.006022181221672619,0.9963444444999998,0.00035985062249161765,0.9639341201,0.0033423676806360364,0.9846,0.0005710613899670538,0.9194400846,0.003190571751273919
50,45,0.025,0.1,0.8868500000000001,0.007245880055436872,0.9964666666000002,0.0005636448652799865,0.9653924214999998,0.0054534239949691685,0.9855049999999999,0.0010534203550551244,0.9244447074,0.005587675504132842
50,50,0.025,0.1,0.8840999999999999,0.0033895263517029713,0.9975055553999999,0.00030815402059943925,0.9752458674000002,0.002955638629917361,0.986165,0.0003866163760398982,0.9274330079,0.0020717828444996897
50,55,0.01,0.1,0.8849,0.00492047874816172,0.9983833330999999,0.00024350258756528678,0.9838302441,0.0023757086050738706,0.9870349999999999,0.0005033498893524286,0.9317380047,0.0027887362183363915
50,60,0.01,0.1,0.88705,0.005155633380638656,0.9986222223000001,0.00012776430739543017,0.9862154431000001,0.0012543976095658607,0.987465,0.0005174993290387636,0.9340004511,0.002888443619453691
50,65,0.01,0.1,0.8862,0.004595891885393115,0.9985111112,0.00027691210641236127,0.9851142142999999,0.0027070361357072574,0.9872800000000002,0.00046139883927994824,0.9330342675999999,0.0025419314599912394
50,70,0.01,0.1,0.8929499999999999,0.006361559906535861,0.9986722222,0.00027020529257824405,0.9867999171000001,0.002653625991316795,0.9881,0.0006823163163486094,0.9375202408,0.0037472317001594826
50,75,0.01,0.1,0.8817999999999999,0.004263540521418536,0.9989277777000002,0.00025126556732363525,0.9891799450000001,0.0025125247674583715,0.9872150000000002,0.0004921889880929829,0.9324026833000001,0.0027014209849665787
50,80,0.01,0.1,0.8861999999999999,0.0060286353716611915,0.9988111109,0.00021627864717456305,0.9880760535999998,0.002122717604104557,0.9875499999999999,0.0005976807025680474,0.9343577612,0.00333259073331742
50,85,0.01,0.1,0.8870999999999999,0.006288437361097325,0.9986666666000001,0.00035233887736008,0.9866720808,0.0034322947376810888,0.98751,0.0005853773711604143,0.9342235825999999,0.003257861491955723
50,90,0.01,0.1,0.88545,0.007331249703987875,0.9990277779,0.00013159889124022897,0.9902218529999999,0.001254246885239994,0.9876699999999999,0.0006621513757777987,0.9348923978999999,0.0037546732264656622
50,95,0.01,0.1,0.88465,0.00657457222943059,0.9990611111000002,0.00017849011261657785,0.9905429444999999,0.0017748133242702236,0.98762,0.0006507260901826873,0.9345936048999999,0.00365198308355318
50,100,0.01,0.1,0.8793999999999998,0.006423913656538879,0.9990555556,0.0002939723259001711,0.9904361986000001,0.0029323885703488486,0.9870899999999999,0.0006694940046200649,0.9316075836,0.003738355751754382
55,5,0.1,0.025,0.6866999999999999,0.00958644876896547,0.9891222222,0.0010142333745234721,0.8753148055000001,0.010269214750885988,0.95888,0.0013055862880543606,0.7695702633,0.0075964877737669445
55,10,0.05,0.05,0.7674000000000001,0.01283398266755533,0.9943277776999999,0.0006765977810626701,0.9376296073000001,0.007347904001454064,0.9716349999999998,0.0015872845435592955,0.8439742377,0.00945957756667005
55,15,0.05,0.05,0.8012,0.007103207413243369,0.9958388888999998,0.0003781134871844424,0.955363323,0.0038161737533875706,0.976375,0.0007068120919546599,0.8714961196,0.004249069140667852
55,20,0.05,0.05,0.82255,0.007896729280742329,0.9967888889000001,0.0005378664971201603,0.966050027,0.005747431776027474,0.9793649999999999,0.0011976945446240499,0.8885357816000001,0.006671944652920419
55,25,0.05,0.05,0.8365500000000001,0.008785878821533269,0.9971666665999999,0.00037405579346615463,0.9704433257,0.003723191381710159,0.981105,0.00081016116366505,0.8985058041,0.004798061473175604
55,30,0.025,0.1,0.8624,0.008520563361656314,0.9958,0.0004851709935725886,0.9580240328,0.004711333958229485,0.98246,0.0009811557810392212,0.9076786239999999,0.005434089700336531
55,35,0.025,0.1,0.8743000000000001,0.007379400758568088,0.9963111111,0.00029303772656564517,0.9634300341000002,0.0026884461058396722,0.9841099999999999,0.0006636598861197354,0.9166838710999998,0.0037950784523512597
55,40,0.025,0.1,0.87765,0.00417698721834553,0.9964666664999999,0.00045752369491964406,0.9650575463000001,0.004307408008070119,0.9845849999999998,0.000460102645552538,0.9192688889000001,0.002433901101106233
55,45,0.01,0.1,0.8745999999999998,0.007845026733188626,0.9983555555000001,0.00029303752855461615,0.983365243,0.002923352371411966,0.98598,0.0008377217782640003,0.9257815301000001,0.00469576949028457
55,50,0.025,0.1,0.8904500000000001,0.005932256456582659,0.9968333334999999,0.00033126948321210133,0.968989438,0.0031986504031606485,0.986195,0.0007338823702292809,0.9280525683,0.003966974980888649
55,55,0.025,0.1,0.889,0.0037342260837346765,0.9976833333,0.0006006682811258643,0.9771148984,0.0057962423418282255,0.986815,0.0006561884891807486,0.9309661972000001,0.0033511098364835414
55,60,0.01,0.1,0.8919499999999999,0.006264760348347131,0.9983277775999999,0.00017262986563049197,0.9834033203000001,0.001744506759122945,0.9876900000000001,0.0007206478566771211,0.9354387450999999,0.003946003562628192
55,65,0.01,0.1,0.88995,0.004991381460967394,0.9984666667000001,0.00031229938152961756,0.9847331726,0.003097776465903213,0.9876149999999999,0.0006536436337944489,0.9349395999000001,0.003523214582594122
55,70,0.01,0.1,0.8893500000000001,0.008717957202107487,0.9988666667,0.0002906877616274895,0.9886888083,0.0027757574314865737,0.9879150000000001,0.0006604081229731315,0.9363605165,0.0038221656311978277
55,75,0.01,0.1,0.8887499999999999,0.006494655922799585,0.9989055556,0.0003261045108384032,0.9890541651,0.0032345069381755393,0.9878900000000002,0.0006244108334172891,0.9362067749999999,0.0034705929683137883
55,80,0.01,0.1,0.8882999999999999,0.0053030389610318925,0.9988555556,0.0002459550445725787,0.9885427526000001,0.002442802186482352,0.9878000000000002,0.000574939610355336,0.9357357944,0.003171179936753791
55,85,0.01,0.1,0.89115,0.0071958707294917205,0.9989222222,0.00015090023503244412,0.9892358448999999,0.0014747445097438479,0.988145,0.0007057108315576434,0.9376198106,0.00395372781847502
55,90,0.005,0.1,0.8814,0.011293557652238911,0.9993611111,0.00029192377497880886,0.9935108617999999,0.0029834653955629897,0.987565,0.0012662389628782958,0.9340747650000001,0.00703230297627148
55,95,0.01,0.1,0.8889000000000001,0.006149977416399383,0.9989944446000001,0.00025720079744397426,0.9899326346,0.0025272253524429313,0.9879849999999999,0.0005735125688829056,0.9366858969999999,0.0032126369552612543
55,100,0.01,0.1,0.8919499999999999,0.0068978660146131856,0.9990222222,0.00029997735122569923,0.990225258,0.003016977029817006,0.9883149999999998,0.0008841348564808587,0.9385137821999999,0.004787978942339099
60,5,0.1,0.025,0.68635,0.009600491885546507,0.9891055554000001,0.0007902224397297685,0.8750092452,0.008809231200398141,0.9588300000000001,0.0014608216865860198,0.7692617477,0.008607708031584714
60,10,0.05,0.05,0.7624000000000001,0.007784600182411437,0.9947777775999999,0.000590273087853649,0.9419763946999999,0.006118310925297594,0.9715399999999998,0.0008315981935739886,0.8426967761,0.004987226235562116
60,15,0.05,0.05,0.80665,0.011267085791020781,0.996361111,0.0003574121281592683,0.9609728014,0.003921242941373032,0.97739,0.0012931013537658684,0.8770449285999999,0.007642736055736273
60,20,0.05,0.05,0.8219999999999998,0.005451809077932034,0.9966277778,0.0005580499844864218,0.9644172862,0.0057215095790988406,0.9791649999999998,0.0007884760265502356,0.8875186553000001,0.004314660960825495
60,25,0.025,0.1,0.8511000000000001,0.00902096324001921,0.9957944443999999,0.000394622524920049,0.9574419071000001,0.003726705111359706,0.981325,0.0008606360696859377,0.9011154301000002,0.004975924244374871
60,30,0.025,0.1,0.8612500000000001,0.009120337469389806,0.9964777778,0.0003696288517769598,0.9644993827,0.003747408397966435,0.9829549999999999,0.0010568427823790406,0.9099354798999999,0.005923292377800285
60,35,0.01,0.1,0.8583500000000001,0.005840709622031296,0.9980499999999999,0.00018040122939344406,0.9799632058999999,0.0018560018112351783,0.9840799999999998,0.0006416991333777581,0.9151253402999998,0.003637988338130668
60,40,0.025,0.1,0.88125,0.007663948793612262,0.9965999999999999,0.00032160418165366983,0.9664470010999999,0.0030970631610240397,0.9850650000000002,0.000836012360355202,0.9218683476,0.004618490452958815
60,45,0.025,0.1,0.8887500000000002,0.0031906982865127814,0.9970666667,0.000444290094185753,0.9711616832000001,0.004290894575415815,0.9862350000000001,0.0006315985011592968,0.9281269386,0.003262848624087317
60,50,0.025,0.1,0.8958,0.00496207841758091,0.9972888889,0.00045797300733327773,0.9734992397,0.004376039440557296,0.9871399999999999,0.0006703233050799565,0.9330253316,0.0035341426039412214
60,55,0.025,0.1,0.8974500000000001,0.00696997529088559,0.9975333333,0.0004383843870190091,0.9758701991000001,0.004215704266793929,0.9875250000000001,0.0008609587678861244,0.9350052912000001,0.0046144240260554215
60,60,0.025,0.1,0.8952,0.002463060426921488,0.9979222222,0.00044843878576875096,0.9795555435000001,0.004341577859932391,0.98765,0.0004690415759823597,0.935474231,0.0023851306795836308
60,65,0.01,0.1,0.8905999999999998,0.0057047738293857465,0.9986111112,0.00030541520907038916,0.9861618773,0.0030318293133211357,0.98781,0.0006987290048525305,0.9359399151,0.003790112755297679
60,70,0.01,0.1,0.89055,0.004957878130365409,0.9987277776999999,0.0003614197953211717,0.9873257633000001,0.0035109617139988396,0.98791,0.0004376706016578712,0.9364310442000001,0.002411757577123594
60,75,0.01,0.1,0.89375,0.005078549661730879,0.9987944445,0.0003474873999750131,0.9880099452,0.003442513563357564,0.9882899999999999,0.0006850790708621159,0.9385129370999999,0.0036739445083202437
60,80,0.01,0.1,0.8947999999999998,0.00623698645180507,0.9988833334,0.00029796981231930094,0.9888902719000001,0.0029744276652000873,0.988475,0.0008080325901018273,0.9394883144999999,0.004355010294183084
60,85,0.01,0.1,0.88745,0.004431265181763687,0.9987277778000001,0.0003244176777392517,0.9872797402,0.0031681182776337265,0.9875999999999999,0.00035512126254438306,0.9346955476,0.0019892697136452402
60,90,0.01,0.1,0.8964500000000001,0.004603440742169556,0.9989611110000001,0.00027845604845128525,0.9896884690000001,0.0027071505496733842,0.98871,0.00044083254568298984,0.94075557,0.0024227190966583127
60,95,0.01,0.1,0.8936499999999998,0.006137543844604659,0.999,0.00026319773557366253,0.9900443934999998,0.002559714545240314,0.988465,0.0005110175035053908,0.9393651427999998,0.002890668352299282
60,100,0.005,0.1,0.8894,0.004445971959725641,0.9994499998999998,0.00015371487197294984,0.9944663589999999,0.0015384676862029538,0.9884450000000001,0.00048272950787969256,0.9389980324,0.002671955334146049
65,5,0.05,0.05,0.6900000000000001,0.016457014715109578,0.9877833333,0.0006205500749120496,0.8625588866999999,0.006096544250196425,0.958005,0.0016264224543457424,0.7665994921,0.011020409022958873
65,10,0.05,0.05,0.76305,0.006676867196189809,0.9946444445999999,0.0003903852474501375,0.9406148434,0.0037885091115529243,0.971485,0.000532838311935879,0.8425547697000001,0.0035193539901147244
65,15,0.1,0.05,0.8182500000000001,0.0070168448116736185,0.9941111110000002,0.0006702579760496757,0.9391910098999998,0.006690065236127825,0.976525,0.0010602017627686553,0.8745439164000001,0.0057686623058064174
65,20,0.05,0.05,0.8221999999999999,0.01079403127247234,0.9972944445000002,0.0002593253183038468,0.9712396837,0.002710058725216736,0.9797849999999999,0.0010974844974860573,0.8904927209,0.006541335176705576
65,25,0.025,0.1,0.85045,0.007181960425646719,0.9958222223,0.0005333847215470216,0.9576905655000001,0.005125674785589385,0.9812850000000001,0.0007731788638830857,0.900867154,0.004306348931744038
65,30,0.025,0.1,0.86255,0.008111891134487554,0.9963611110999999,0.0004908281815880073,0.9634282399,0.00485875122678484,0.9829800000000001,0.0010261037417770716,0.9101858408,0.005632375722490892
65,35,0.025,0.1,0.8705,0.006324555320336746,0.9965611110999999,0.00042265243368319095,0.9656916613,0.003954316283890812,0.9839549999999999,0.0005693319672114813,0.9156090619999999,0.0032107074768779643
65,40,0.025,0.1,0.8819999999999999,0.006346477588219906,0.996688889,0.0005265253730353378,0.9673297271999999,0.005092194626558462,0.9852199999999998,0.000906213121855007,0.9226854389,0.00481898019756319
65,45,0.025,0.1,0.89025,0.007771922399109369,0.9972555555,0.00027616816361665454,0.9730041616999999,0.0027083536969610437,0.9865550000000001,0.0008687315145914892,0.9297750519000001,0.004754386124018976
65,50,0.05,0.1,0.9043499999999998,0.005807322963293848,0.9957722223,0.0003753829223724758,0.9596249573,0.0035643232992962387,0.9866299999999999,0.0008045702786788438,0.9311618723999999,0.004243969373832081
65,55,0.025,0.1,0.8997999999999999,0.00584617633823832,0.9972388888999999,0.00035817901299472094,0.9731346946,0.0034029485006700777,0.9874950000000002,0.0006681026201947636,0.935020679,0.003589091284391889
65,60,0.025,0.1,0.8979999999999999,0.005562773089426212,0.9975777778000001,0.00026345811806171,0.9763003286000002,0.002565782581928642,0.98762,0.0006663332499583003,0.9355075103000001,0.0035891729707832314
65,65,0.025,0.1,0.8993,0.005750362307426089,0.9981444445000001,0.00039648674205527225,0.9817853060999999,0.003800636183593048,0.98826,0.0006163512706962493,0.9387207274,0.003329556143665912
65,70,0.01,0.1,0.89645,0.005479507277118997,0.9988944445,0.00018040128071927918,0.9890235102999998,0.0017786785474369425,0.98865,0.0005953523699830684,0.9404564865999999,0.0032638483184172936
65,75,0.01,0.1,0.8958499999999999,0.0036442496560410834,0.9987055556000002,0.00032293433911562906,0.9871696934,0.0031693075144525046,0.98842,0.0005006662228138249,0.9392907965000001,0.002657071894347876
65,80,0.01,0.1,0.8956,0.005556777643362907,0.9989222219999998,0.0003535047763273207,0.9893006188,0.0034624068260507555,0.98859,0.000569014743023224,0.9401085590999999,0.0030958854118773253
65,85,0.01,0.1,0.8951499999999999,0.007845911886666413,0.9989499999,0.00014918607662800404,0.9895524016999999,0.0014976941715036589,0.9885700000000002,0.0008219894565422585,0.9399717595,0.004528776546231855
65,90,0.01,0.1,0.89435,0.006802981372571565,0.9989333334999999,0.0002854495912342965,0.9893851482999999,0.002826449243465212,0.988475,0.0007443304224454253,0.9394573585,0.004083884055714414
65,95,0.01,0.1,0.90115,0.005349195162722056,0.9988722223,0.0002759818489192655,0.9888740550000001,0.002648636449270406,0.9891000000000002,0.0004881939505292301,0.942964584,0.002692583607489466
65,100,0.005,0.1,0.8859999999999999,0.0023804761428476294,0.9994944446,0.00016656387118005664,0.9948951696,0.0016683471039451807,0.9881449999999999,0.00021402232489989035,0.9372923423999999,0.0011890501014008522
70,5,0.1,0.025,0.6822,0.01125759003221085,0.9883944444999999,0.0009279423358905819,0.8673124088999999,0.00890490370301211,0.9577749999999998,0.001208362068623838,0.7636318912000001,0.007570432698202945
70,10,0.05,0.05,0.76695,0.012658879185070925,0.9952222222,0.00034446451355329895,0.9469063640999998,0.0037514594065598513,0.972395,0.0013315508919218041,0.8474335299,0.008358173992500845
70,15,0.05,0.05,0.79405,0.006006709211836002,0.9962888889,0.0007214147506976032,0.9596966227999999,0.007467335668803865,0.976065,0.0007810427502882024,0.869023418,0.004275022478395423
70,20,0.05,0.05,0.8233999999999998,0.007374128950444084,0.9976555555000001,0.0003482267917480947,0.9750148730999999,0.003715435022470314,0.9802299999999999,0.0009034501769451543,0.8928033719999998,0.00518744226414792
70,25,0.025,0.1,0.8511,0.0059712273073092605,0.9962888889,0.0005813754489313071,0.9622765694,0.005645518715592015,0.98177,0.0006791334347697972,0.9032593923000001,0.003692520253733086
70,30,0.025,0.1,0.86525,0.007927623996016845,0.9964444443000001,0.0004786240366404671,0.9643409199999999,0.004749447415899541,0.983325,0.0010239493260031111,0.9120973114999998,0.005595065374809438
70,35,0.025,0.1,0.87425,0.00888272355630733,0.9970277778,0.00029773964192891247,0.9703229449,0.002801212524069562,0.9847499999999998,0.0008504900548115288,0.9197592460000001,0.004828350768499442
70,40,0.025,0.1,0.8798999999999999,0.004903513479582194,0.9970166665999999,0.0002986595609274377,0.9703966050999998,0.0028658845093832083,0.985305,0.0005428576649955605,0.9229268918999999,0.002975691011721436
70,45,0.025,0.1,0.893,0.005547772325697762,0.9974555556,0.0004269713919542829,0.9750167600000001,0.004052111319983401,0.98701,0.0006003702561290343,0.9321941007000001,0.003239834215088628
70,50,0.05,0.1,0.9031499999999999,0.005082923480745231,0.9960999999999999,0.00026937903495260443,0.9625920888999999,0.002543106770292561,0.986805,0.0006107600001455297,0.9319179427,0.0032609987004396323
70,55,0.025,0.1,0.90005,0.004681227284472401,0.9973666666,0.000294205506593293,0.9743469969999999,0.0028304598125406,0.987635,0.0005963080859198049,0.9357205242000001,0.00318621588290647
70,60,0.025,0.1,0.9052,0.005963779562212758,0.9975333333,0.00045827258976461385,0.9760810325,0.004342448513896113,0.9883,0.0006920179830675489,0.9392911333999999,0.0036786507030252074
70,65,0.025,0.1,0.90305,0.005524943438624505,0.9978555557,0.00033864088030865727,0.9790782025,0.003278398020404511,0.9883749999999999,0.0007177317666711586,0.9395215503,0.003829876881569223
70,70,0.025,0.1,0.9032,0.004510481620009599,0.9981500000000001,0.00026969746043421056,0.9819082679000001,0.0025671783346211618,0.988655,0.0004450031210876787,0.9409028394999999,0.002424953629983576
70,75,0.01,0.1,0.8989,0.006979334575094622,0.9988611111000001,0.00021476686725453375,0.9887304925,0.002098788345828618,0.988865,0.0007075191399060051,0.9416637366,0.0038934126639455766
70,80,0.01,0.1,0.89435,0.005270726283497904,0.999,0.00022980881002114772,0.9900420523,0.0022673016366084463,0.988535,0.0005568013809050658,0.9397577742,0.0030564758399675204
70,85,0.01,0.1,0.8998999999999999,0.004846533698313542,0.9989277777999999,0.0002606443256085898,0.9893930626999999,0.0025642933743642636,0.989025,0.0005874852244004828,0.9425209582,0.0031690133261287464
70,90,0.01,0.1,0.9000999999999999,0.005037636129950026,0.9990500000000001,0.0001212927961046876,0.9905950001000001,0.001162017946193459,0.989155,0.0004468718434231868,0.9431733023000002,0.0024987511780657484
70,95,0.01,0.1,0.8974,0.004835057163858348,0.9989833333,0.0002796848267818707,0.9899077073000001,0.002773167271368033,0.988825,0.0006347571714180662,0.941381778,0.0034144827591870213
70,100,0.01,0.1,0.89795,0.008091319079386542,0.9990500000000001,0.00020529674731525638,0.9905652615000001,0.002050626389697841,0.98894,0.0008937436868464053,0.9419717599,0.004893838295260656
75,5,0.05,0.05,0.68685,0.008831918125626906,0.9881444442999999,0.0007721133921003269,0.865594118,0.00753241534009661,0.958015,0.0010488220906225078,0.7658935664000002,0.006396622463259714
75,10,0.05,0.05,0.7607999999999999,0.006083675789447613,0.9948388890000002,0.00031584805388244525,0.9424578404,0.003520878585573466,0.9714349999999999,0.0007710202476084641,0.8419328871999999,0.004599925917629963
75,15,0.1,0.05,0.8148,0.011321562514855346,0.9946111110999999,0.0006350527472341675,0.9438330853,0.0064479276417148765,0.9766300000000001,0.0013802576249059774,0.8745483959,0.007879588539601802
75,20,0.025,0.1,0.8347,0.007832269431297967,0.9954444444,0.0005524604424449756,0.9531832106,0.005657398696006823,0.97937,0.0011245245909074322,0.8900037737000002,0.006192698252124591
75,25,0.025,0.1,0.85185,0.00735621430417094,0.9960944445,0.0004190672255214695,0.9604024589,0.003939876743993121,0.98167,0.0006019413038937596,0.9028491026,0.003557979625399824
75,30,0.025,0.1,0.8618,0.005735852159880017,0.9967111112000001,0.0004639249895024262,0.9668116877999999,0.004517554064027828,0.9832199999999999,0.0007083627444874352,0.9112776147,0.003860957082131169
75,35,0.05,0.1,0.8876999999999999,0.004270050741306637,0.9952111110999999,0.00048062584057492145,0.9537102196000001,0.004462656317624893,0.98446,0.0006607235091591254,0.9195147478999999,0.0034229698963024005
75,40,0.05,0.1,0.8993500000000001,0.007344877277546739,0.9954444445,0.0005347972539951408,0.9564446327,0.004644707097650152,0.9858350000000001,0.00047495613832578953,0.926988107,0.002705350170709969
75,45,0.025,0.1,0.8880999999999999,0.0041753243386991505,0.9972166668,0.000362367313969259,0.972574886,0.0035016877930671097,0.986305,0.0005861598189345066,0.9284144340000001,0.0031126327467785593
75,50,0.025,0.1,0.8977499999999999,0.005917253492025579,0.9976666667,0.00038311410979612954,0.9771574577,0.0036515871942707375,0.987675,0.00064042086856136,0.9357589918,0.0034605911592988656
75,55,0.025,0.1,0.8975500000000001,0.007653793540170492,0.9977111110999999,0.00038915331539223196,0.9775698978999999,0.003768401643206912,0.9876949999999999,0.0008973572309844058,0.9358373165,0.004872328945670311
75,60,0.025,0.1,0.9050499999999999,0.004827295078797018,0.9975722222,0.00039808371675055754,0.9764444197,0.003733863022772706,0.9883200000000001,0.0005100108931298508,0.9393812630999999,0.002723901144272897
75,65,0.025,0.1,0.9053999999999999,0.0058204619900638285,0.9978833333999999,0.00038172410407581996,0.9794061914000001,0.0036349544727204554,0.988635,0.0006523674833507209,0.9409381126999999,0.003494665360823455
75,70,0.01,0.1,0.8941500000000001,0.0035827518908111903,0.9990555555,0.00022680459674121492,0.9905847941000001,0.002257557679499809,0.988565,0.00047319833755694657,0.9398972816000001,0.002548718048524449
75,75,0.01,0.1,0.89875,0.00748795328807842,0.9992555556000001,0.00019633126383189402,0.9926058104000001,0.0019164773995827983,0.9892049999999999,0.0007380341756615653,0.9433326998,0.004087373282343515
75,80,0.01,0.1,0.90055,0.005278099405404688,0.9989777777000001,0.00018921556065799462,0.9898897358,0.0018574104223301798,0.9891349999999999,0.0005617680422855448,0.9431011606999998,0.0030730899547126897
75,85,0.01,0.1,0.9008,0.005323950079071406,0.9989611109999998,0.00015504789295067847,0.9897269529000001,0.0015342053001241435,0.9891449999999999,0.0005804452314100438,0.9431651357999999,0.0031661432714373237
75,90,0.01,0.1,0.9006500000000001,0.0054060151683101975,0.9990833335,0.00017616927224389155,0.9909284924999999,0.0017130492160749898,0.98924,0.0005114250243736056,0.9436253561999999,0.0028304174579167163
75,95,0.01,0.1,0.89735,0.003659462619930244,0.9991722222,0.00017849010915815607,0.9917677571999999,0.0017668025602558446,0.98899,0.00042413310279779283,0.9421957772,0.0023019772335883
75,100,0.01,0.1,0.9016500000000001,0.005897504180206706,0.9991666666000001,0.0002283115906865465,0.9917642915999998,0.0022134392408473093,0.9894149999999999,0.0004625112611241675,0.9445481352000001,0.002622688214704981
80,5,0.05,0.05,0.69055,0.013795027284415827,0.9885111113,0.00044736682671011273,0.8697310374,0.005610765957391715,0.9587150000000001,0.0015572500691211411,0.7698055937,0.010168945352070982
80,10,0.05,0.05,0.7581,0.003397711648219215,0.9949333333999999,0.00027691199941227095,0.9432625118000001,0.003093851632397665,0.9712499999999998,0.0005416025603090522,0.8406036741999999,0.003096342004583884
80,15,0.1,0.05,0.81845,0.0077654863194636875,0.9941055555999998,0.0005214533299430713,0.9391452025,0.005143062379626498,0.97654,0.0009383200117467724,0.8746337416,0.005306606684189246
80,20,0.05,0.05,0.8183,0.009378462323619764,0.9976111111,0.000573775425304374,0.9744306799,0.006013553404758213,0.9796799999999999,0.0010565141845816704,0.8895334618999999,0.00612759988189649
80,25,0.025,0.1,0.8522500000000001,0.00617904163730555,0.9963388888999999,0.00043622819675420455,0.9628039389999999,0.004194397939232057,0.9819299999999999,0.0005652924513519937,0.9041405138,0.0032252203424570024
80,30,0.025,0.1,0.8646499999999999,0.008478895368305138,0.9968611113,0.00028598967217833513,0.9683603514,0.002880930915841618,0.98364,0.0009462792634547445,0.9135539412,0.0053113255912307054
80,35,0.025,0.1,0.8734,0.005952590472502967,0.9969166666,0.00038778501178309346,0.969209738,0.0038237779462849683,0.9845649999999999,0.0007937428914817266,0.9188058482999999,0.004311825073195034
80,40,0.025,0.1,0.88215,0.005602826667555095,0.9971166666999999,0.0003103717309704071,0.9714324241,0.0029796433836121014,0.9856199999999999,0.0006051629716218965,0.9246304662,0.0033346967543761187
80,45,0.05,0.1,0.9029,0.0036575644598253864,0.9961055555,0.0005207952377837918,0.9626574008000002,0.004739117924558373,0.986785,0.0004933164411522424,0.9318106793,0.002495988979172657
80,50,0.025,0.1,0.8955500000000001,0.0053043483210580365,0.9976555556,0.0003664609426619945,0.9769900440000001,0.00355765480251303,0.9874449999999999,0.0006567808699338679,0.9344903156000001,0.0035207290257281104
80,55,0.025,0.1,0.9042,0.0049844201713383435,0.9975666665,0.00032266908987976025,0.9763537453000002,0.0031164285822858173,0.9882299999999999,0.0006832113712298641,0.9388877849999998,0.0036249295038123215
80,60,0.025,0.1,0.90105,0.004621507690498127,0.9976833332999998,0.00029168868558869017,0.9773879852999998,0.0028199100096058744,0.98802,0.0005735852159880051,0.9376619750999999,0.0030677212403155993
80,65,0.01,0.1,0.8989,0.007362819508253009,0.9990111112,0.00023099947564961853,0.9901988244,0.0022669092522750586,0.9889999999999999,0.0007810249675906639,0.9423288240000002,0.004289455691706848
80,70,0.01,0.1,0.90245,0.005974250301641774,0.9990500000000001,0.00020022289362885322,0.9906159454999999,0.0019695036274176582,0.98939,0.0006522610247780021,0.9444708803999999,0.0035469953038358894
80,75,0.01,0.1,0.89865,0.0042429680387410275,0.9989166666999999,0.0002446267824435243,0.9892719907,0.0023994689040051586,0.9888899999999999,0.00047539457296018914,0.9417801145,0.002577496776600655
80,80,0.01,0.1,0.9058499999999998,0.00530748946720053,0.9992888888,0.00013808415556930016,0.9929859790999999,0.001347466242922642,0.9899450000000002,0.0005423457281927157,0.9474110052,0.002977766404926757
80,85,0.01,0.1,0.89915,0.005328383119358694,0.9990333334000001,0.0002388818184427074,0.9904235506999999,0.0023474511139795476,0.989045,0.0005423457281927078,0.9425729738000002,0.0029697843536291004
80,90,0.01,0.1,0.9033,0.005401645839721254,0.9990888888999999,0.00018739412337665426,0.9910001269000001,0.0018749708098795975,0.9895099999999999,0.0006649143637425241,0.9451148866000001,0.003590968435115693
80,95,0.01,0.1,0.9028499999999999,0.0047437092847030324,0.9991722223,0.00015592983763936018,0.9918176755999999,0.00152514945617786,0.9895400000000001,0.0004971027168615416,0.945238815,0.0027190670583479375
80,100,0.005,0.1,0.8962,0.004137900702315403,0.9996222222,0.0001073437576416214,0.9962222502,0.001066832022669586,0.9892799999999999,0.0004083843505544399,0.9435627648,0.002265221365235349
85,5,0.05,0.05,0.6865,0.011902380714238074,0.9887722221,0.0009149159397549351,0.8717647382999999,0.008999867832025853,0.958545,0.001351018134593338,0.7680539060999999,0.00848445126426481
85,10,0.05,0.05,0.7626499999999999,0.010921563787093656,0.9950499999000002,0.0003092649724468258,0.9448040855000001,0.0034526497932110445,0.9718100000000002,0.0011689976713216991,0.8439771221999999,0.0073011322189613466
85,15,0.1,0.05,0.81585,0.004649073981868732,0.9942888889000001,0.00047632580952290833,0.9407554986,0.0046025008637941055,0.976445,0.0005683553270426762,0.8738495361,0.0031114358623125712
85,20,0.05,0.05,0.82175,0.007119027711391177,0.9977277778,0.00032229681724901186,0.9757223866,0.00340178612134275,0.98013,0.0008202980488145188,0.8921271986000001,0.0047484654298953705
85,25,0.025,0.1,0.8480500000000001,0.006499786321274124,0.9962277777999999,0.0004818018703261045,0.9615265802999999,0.0047203553547856564,0.98141,0.0007852105167122899,0.9012145701,0.004356240610300422
85,30,0.05,0.1,0.8795499999999998,0.006418073438865147,0.9950500000999998,0.0004103011990440522,0.9517938268,0.00392517367049542,0.9834999999999999,0.0008547254269971967,0.9142381665,0.004583193756228774
85,35,0.025,0.1,0.8778,0.00839708944284334,0.9972277777999998,0.000293329940122729,0.9723622667,0.002913934059984973,0.985285,0.0009354291944224335,0.9226474208000001,0.005210174745927648
85,40,0.025,0.1,0.8821999999999999,0.005662743740155168,0.9976388890000001,0.00042249026092469247,0.9764993363999999,0.004055568259837151,0.9860949999999999,0.0005974250301641755,0.9269430124,0.0032660092769786074
85,45,0.025,0.1,0.89255,0.006409411482777148,0.9973444444000001,0.0006767752895848846,0.973965512,0.006412638853441096,0.9868650000000001,0.000804173143324536,0.9314592928,0.004210795018432591
85,50,0.025,0.1,0.89415,0.005426529482295504,0.9977277778,0.0003595170071967705,0.9776575038,0.003409581379637341,0.9873700000000001,0.000518116246072672,0.9340277011,0.0028409893258975636
85,55,0.025,0.1,0.9016000000000002,0.004280446497997874,0.9977555554999998,0.0003859677484981508,0.9781058562,0.0036347262410783496,0.9881399999999999,0.00039637243989851473,0.938284818,0.0021237544921846444
85,60,0.025,0.1,0.9042499999999999,0.0057166909620475015,0.9979666667,0.00039301168720876024,0.9801764256000001,0.003758241661681491,0.9885949999999999,0.0006651858553984862,0.9406721990000001,0.003549943504226891
85,65,0.025,0.1,0.90485,0.0030281090542522617,0.9981444445,0.00037879312536594185,0.9818921724999999,0.0036139506907133783,0.988815,0.00041234424668931685,0.9417920303999999,0.0021321064581967925
85,70,0.01,0.1,0.9025000000000001,0.00591138261698939,0.9990166667,0.0002645621226391661,0.9902977136000001,0.0025673499560104574,0.9893649999999999,0.0005930383161688884,0.9443508494999999,0.0032506117259779735
85,75,0.01,0.1,0.9029,0.004689231161809879,0.9990722222,0.0001698260653006868,0.9908369582999998,0.00167483020699904,0.9894549999999999,0.0005314811588591039,0.9448215717999998,0.002886173565966059
85,80,0.005,0.1,0.89785,0.004631114576667513,0.9994777778000001,0.00018369774781284355,0.9947894969999999,0.0018444382328690525,0.989315,0.0005916314543512599,0.9438336966000002,0.0032030186439595187
85,85,0.01,0.1,0.9044500000000001,0.006734859563000061,0.9992833335,0.00014212281199743734,0.9929170375000002,0.0014157533502371933,0.9898,0.000731436941916385,0.9466107261,0.003987515285168118
85,90,0.01,0.1,0.9022999999999998,0.00496767327606976,0.9991999999000001,0.00024173573129784588,0.9920885658999999,0.0023703063280328387,0.9895099999999999,0.0005399588461684562,0.9450588248999999,0.0029389416041819124
85,95,0.01,0.1,0.9039499999999998,0.0041462834763998846,0.9990944445000001,0.0004099667347408083,0.9910803711999998,0.0040108133369341015,0.9895799999999999,0.0005323950079071485,0.9455036143000001,0.0028064173345122984
85,100,0.01,0.1,0.9032,0.005750362307426102,0.9991944443999999,0.00013919706057815559,0.9920414006,0.001348186446980805,0.9895949999999999,0.0005371995284187637,0.945528118,0.0029662248242933566
90,5,0.05,0.05,0.68355,0.005079643469553521,0.9882666666999999,0.0003560182359967618,0.866193146,0.0036205187063966795,0.957795,0.0005983542243335209,0.7640990729000001,0.0037602665734347653
90,10,0.05,0.05,0.7628,0.010411532067856295,0.9956111109999999,0.0004793400412771314,0.9507827877,0.005159309273334637,0.97233,0.0011350966674448686,0.8464438424,0.006983411308867341
90,15,0.1,0.05,0.8139,0.010112698288125973,0.9950666668,0.0005150678429617744,0.9483038755000001,0.00495722778246774,0.9769500000000001,0.0009758187445536399,0.8759358183,0.005852896126163543
90,20,0.05,0.1,0.85135,0.007933928549099882,0.9933611111000001,0.0009046632811512954,0.9344790495000002,0.00834179547412889,0.97916,0.0011628031265485776,0.8909503841000002,0.0060940518803579685
90,25,0.05,0.1,0.8718,0.009138441393974725,0.9943055557000001,0.0005691244780079173,0.944496414,0.005255815808039151,0.9820549999999999,0.001070163538904224,0.9066683736,0.00582963709990145
90,30,0.025,0.1,0.8622,0.004721110980361393,0.9972722222,0.00037811371737196166,0.9723192187,0.0037778246492205605,0.983765,0.0006916365455288698,0.913949419,0.0037369775788240684
90,35,0.025,0.1,0.87675,0.005760256552928471,0.9973944443999999,0.00037355110748603474,0.9739541766,0.0036953999094992323,0.98533,0.0007638353516592763,0.9227915635,0.004138685939584962
90,40,0.025,0.1,0.88235,0.010293066706391364,0.9976222224000001,0.0004602140758500273,0.9763260767999998,0.004509239352724551,0.9860949999999999,0.001196162846587185,0.9269361314000001,0.006545125186095815
90,45,0.05,0.1,0.9029999999999999,0.003696845502136489,0.9961388887000002,0.0004977658363592882,0.9629552718,0.004676830485439331,0.986825,0.000700099199320279,0.9320100114000001,0.0035844268685345008
90,50,0.05,0.1,0.91005,0.0047810389386966304,0.9965555555999999,0.0003374235858219425,0.9670613758,0.0031924697813487156,0.9879050000000001,0.000653388603104337,0.9376848004000001,0.0034314511959817494
90,55,0.025,0.1,0.8995,0.0037267799624996463,0.9981277777,0.0002747364845443527,0.9816215548,0.0026194110603340094,0.988265,0.00036136315990058243,0.9387614829999998,0.0019630685000582267
90,60,0.025,0.1,0.90685,0.004390962941719691,0.9981055556000001,0.00019676740950461675,0.9815443946999999,0.0019268085450564868,0.9889800000000001,0.0005523686369727219,0.9427163959000001,0.002955373588500472
90,65,0.01,0.1,0.9011000000000001,0.009005553841935554,0.9988555554999999,0.00019280598221138972,0.9887040547,0.0018675521049280267,0.9890800000000001,0.0008841819822738945,0.9428486418,0.0048822895116638
90,70,0.025,0.1,0.90715,0.0030464004260037187,0.9979277779,0.0003514128963643854,0.9798670486999999,0.00333953646599198,0.98885,0.0003993049516903655,0.9421018412000001,0.0020735532792889692
90,75,0.01,0.1,0.9037000000000001,0.004703426646841898,0.9991388888999999,0.00018379102427391655,0.9914996444999999,0.001799674383519424,0.9895949999999999,0.0005013592635138233,0.9455597857999999,0.0027326403852894893
90,80,0.005,0.1,0.8981999999999999,0.004843093593515996,0.9994888889,0.0002140472339962157,0.9949152981999999,0.002103123848999632,0.9893599999999999,0.0003878716855410447,0.9440769536,0.0021896843901722577
90,85,0.01,0.1,0.9051500000000001,0.007348658229757188,0.9991833332999999,0.0001815381351482913,0.9919512226,0.0017609388942460295,0.98978,0.0007056124211554794,0.9465486528,0.0038882535622379063
90,90,0.01,0.1,0.9064,0.00566568618968612,0.999361111,0.00010877151648500642,0.9936974013999998,0.0010625093824560652,0.9900650000000001,0.0005691367732510714,0.9480347034,0.003115582729814815
90,95,0.005,0.1,0.8993,0.0034896672875473025,0.9995388889000001,0.0001925391068896781,0.9954137011999998,0.0018995884673312666,0.9895150000000001,0.0002819081804812257,0.9449132225000001,0.0015777705025759386
90,100,0.01,0.1,0.9039999999999999,0.0028867513459481294,0.9993277778000001,0.0002150861319801407,0.9933559631,0.0021104335264867376,0.989795,0.00034836921665253593,0.9465707825,0.0018666306264642164
95,5,0.05,0.05,0.68765,0.013110746228444301,0.9884666668,0.000627556596237743,0.8688071540000001,0.007752131571641149,0.958385,0.0017190194233276687,0.7676555497,0.010694267701539672
95,10,0.05,0.05,0.75805,0.00873832554516788,0.9955055556,0.0005382806986716963,0.9493896995,0.005538517560510968,0.9717600000000001,0.0008099382692526666,0.8429597153999999,0.0051487980669281804
95,15,0.1,0.05,0.8138500000000001,0.011925812341304017,0.9948777779,0.0002339497800566246,0.9463863334999999,0.002503203072053072,0.976775,0.0012248015712305717,0.8750907543,0.007314015860252098
95,20,0.05,0.1,0.8490500000000001,0.007628346260275998,0.9935833333999999,0.0006835565378712197,0.9363794744,0.005935226761800171,0.9791300000000002,0.0005573747990954163,0.8905402393999999,0.0032114289579984992
95,25,0.025,0.1,0.851,0.006123724356957937,0.9966111112,0.00037770513099618194,0.9654290016000001,0.003553643815699014,0.9820500000000001,0.0004055175020199021,0.9045888152,0.002500629971870962
95,30,0.025,0.1,0.86635,0.008925774164992312,0.9970555556999999,0.00035908748470751714,0.9703178160999999,0.0036415665798128164,0.983985,0.0010506743866044621,0.9153733589999999,0.005832342849394136
95,35,0.05,0.1,0.8858499999999999,0.0037716044331292118,0.9961722221999999,0.0003707867626004638,0.9625839793000001,0.003389406347532519,0.98514,0.0003422150071389505,0.9226147601000001,0.0018377719314163728
95,40,0.025,0.1,0.8884000000000001,0.005353088412828209,0.9974111111000001,0.00028230873661823065,0.9744484916999999,0.002726123577099154,0.9865099999999998,0.0006068131691239318,0.9294284987000001,0.003307953986292988
95,45,0.025,0.1,0.8895,0.0035433819375782264,0.9978833332999999,0.0002898015609324622,0.9790381897000001,0.002811962835342803,0.987045,0.00046752896523460946,0.9321195342999999,0.0024948529838066534
95,50,0.05,0.1,0.90595,0.005293864373026565,0.9968055556,0.0005073195449747294,0.9692544808000001,0.00478281205805462,0.98772,0.0007941452428030068,0.9365253638000001,0.004141102277262919
95,55,0.025,0.1,0.9021500000000001,0.007168798132648658,0.9981611111000002,0.0003180121015116733,0.9819788284,0.0031405236011911313,0.98856,0.0009341662949746449,0.9403652690000002,0.005006912672725448
95,60,0.05,0.1,0.9102499999999999,0.004584090846491698,0.9968000000999998,0.00032203051001849576,0.9693314055,0.0030816176423953093,0.9881449999999999,0.0006626755532603287,0.9388585774999999,0.003481654190531435
95,65,0.025,0.1,0.9093,0.004379243973310684,0.9980277778,0.00039997419155430615,0.9808727572,0.0037637504075157097,0.989155,0.00043553925706465687,0.9437201457000001,0.002308097764676344
95,70,0.025,0.1,0.90595,0.006639318907505166,0.9984111109,0.0002487278816741382,0.9844697913000001,0.0023644536268650675,0.9891650000000001,0.0006337936923356258,0.9435647706999999,0.003472464998782248
95,75,0.01,0.1,0.9009499999999999,0.002783383233085641,0.9991999998999999,0.00022098421943680244,0.9920728045,0.002182966170264922,0.9893750000000001,0.0004204825270514529,0.9443167802999998,0.002228158777902508
95,80,0.01,0.1,0.90765,0.007951414968419154,0.9991944443000002,0.00018564744342739137,0.9920715024,0.0018487956684621783,0.9900399999999999,0.0008859395514869607,0.9479713506999999,0.00480519174054389
95,85,0.01,0.1,0.90465,0.004170331721418185,0.9992444445,0.00028831846818184456,0.9925414448999998,0.0028356864457308385,0.9897850000000001,0.000578815840987264,0.9465560719999999,0.003081330430630892
95,90,0.01,0.1,0.9034000000000001,0.004005551702879952,0.9991722221000001,0.00014918602697560666,0.9918215233,0.0014699788219900754,0.9895949999999999,0.0004462498054777043,0.9455440659000001,0.00242950608829044
95,95,0.01,0.1,0.9050999999999998,0.005796550698475775,0.9992833333,0.00018966809252600548,0.992926355,0.001855423501915884,0.9898649999999998,0.0006137543844604604,0.9469721834,0.0033508831113788305
95,100,0.01,0.1,0.9035,0.0036514837167011087,0.9991999998999999,0.0002255917972466859,0.9920992063,0.002208448193660573,0.98963,0.0003973523485382892,0.9457241727,0.002146967236535415
100,5,0.05,0.05,0.6856000000000001,0.014749387934570184,0.9883722222000001,0.0008169375156808804,0.8675912923,0.00847557421260128,0.9580949999999999,0.0016904059341537544,0.765863854,0.010804577827222822
100,10,0.05,0.05,0.7565,0.011983785341498361,0.9954944443999999,0.0005266882667343317,0.9491574803999999,0.00550512586311947,0.971595,0.0012028784920625336,0.84189344,0.007625410180695458
100,15,0.1,0.05,0.8137000000000001,0.00877876225140347,0.9946722224,0.0007414117631041221,0.9443538753,0.007708686797992801,0.9765749999999999,0.0014203383790882863,0.8741610016999999,0.007777890598680384
100,20,0.025,0.1,0.83195,0.010513087082298919,0.9962333333000002,0.00030066227675584577,0.9608686925999999,0.0027405972980425655,0.979805,0.0009256979348938217,0.8917342905,0.005610309800020694
100,25,0.025,0.1,0.8493999999999999,0.004563137322306042,0.9968611112,0.0002930960670613804,0.9678215205,0.002872974852654168,0.982115,0.00047787143784822116,0.9047436190999999,0.002705348736278442
100,30,0.025,0.1,0.8653000000000001,0.0045716517802649875,0.9972611110999999,0.00037041672247000915,0.9723222684999999,0.0035773044872076487,0.984065,0.00039654760117797423,0.9156821016000001,0.0022270916882662574
100,35,0.05,0.1,0.8897999999999999,0.006101912268570678,0.9958777778000002,0.0006493639532331735,0.9600101357000002,0.0060196004603073625,0.9852700000000001,0.0008021498890135596,0.9235537409999999,0.004201391305886232
100,40,0.025,0.1,0.88215,0.005532981916551763,0.9976222221999999,0.0004602139202595082,0.9763293371000001,0.0044807647723982165,0.9860749999999999,0.0007428361566022226,0.9268431263999999,0.003975060891134464
100,45,0.05,0.1,0.9029499999999999,0.0062558861171788625,0.9964999999999999,0.0005977784340719665,0.9663237079000002,0.005549214956949044,0.9871449999999999,0.0007473843277279196,0.9335432983,0.003925724438291849
100,50,0.05,0.1,0.90495,0.004548809368028808,0.9970888889999999,0.0003668348940684722,0.9718782600000001,0.0034195147112129525,0.9878749999999998,0.00046203054252098223,0.9372105789999999,0.0024710926235753947
100,55,0.025,0.1,0.9017,0.008525126261691244,0.998138889,0.0002582653727148679,0.9817690581,0.002477763407814623,0.988495,0.0008607006190049859,0.9400120609,0.004732767248524024
100,60,0.025,0.1,0.9051,0.005815687596683847,0.9982833333000001,0.00020861097647589507,0.9832187161,0.0020140302640439525,0.988965,0.0006258549707755189,0.9425346213999999,0.0033993543494269716
100,65,0.025,0.1,0.9067000000000001,0.005012207320355208,0.9984055555999998,0.0002905107271322825,0.9844285526999998,0.0027907335558170574,0.9892350000000001,0.000532838311935851,0.9439580062000001,0.0028709501072675253
100,70,0.025,0.1,0.9099999999999999,0.006159906204192096,0.9984111112,0.0003011181580881577,0.9845362966,0.0028868549599074,0.98957,0.0006667499947923245,0.9457904535999999,0.003586118806494772
100,75,0.01,0.1,0.9036000000000002,0.003977715704047034,0.9991388887999999,0.00027121884623219244,0.9915044241999998,0.0026468180585831587,0.9895849999999999,0.0004236416200306838,0.9455069497,0.0022835394844678216
100,80,0.025,0.1,0.91185,0.004041795530591702,0.9986666665999999,0.00012829993152003218,0.9870096463,0.0012599363964618806,0.9899849999999999,0.00047261095111211863,0.9479391129,0.0025427447262274
100,85,0.01,0.1,0.90625,0.008699457198903611,0.9991555556000001,0.00014998847600933908,0.9916872269999999,0.001448517869830555,0.9898650000000002,0.0008534407484477745,0.947024783,0.004681387176658462
100,90,0.01,0.1,0.9042999999999999,0.003190262963734783,0.9992500002000002,0.00015767947293996478,0.9925916617,0.0015537197287955264,0.9897549999999999,0.0003847437819871494,0.9463885884000002,0.002073572286671541
100,95,0.01,0.1,0.9066500000000002,0.004778714378482047,0.9992222223,0.00029162982013012604,0.9923478117999999,0.0028456201507616337,0.9899650000000001,0.0005055525030433014,0.9475566019,0.0027266277833795367
100,100,0.01,0.1,0.90865,0.00716879813264864,0.9995055557000001,0.00019325027909542354,0.9951346604,0.0018874553652981794,0.99042,0.0006688298238964298,0.9499115480999999,0.0036793184397631022
